ticker,rnd_num
JD,0.615313109
AMZN,0.180181512
GRVY,0.075300726
AAPL,0.106685242
ATIF,0.935581513
ATC,0.024739291
BCH,0.442041201
BHP,0.382563758
CAAP,0.728087081
FTCH,0.423438137
GLOB,0.029781082
MSC,0.53277317
NEWP,0.167999147
AGI,0.84137727
FERG,0.216943022
INDO,0.627085533
CVS,0.646062876
BRK-A,0.29947105
BRK-B,0.004785326
LKCO,0.417102081
HIHO,0.240245903
MCK,0.785688283
GGAL,0.209734645
GOOG,0.323213628
GOOGL,0.234974909
ERIC,0.707444853
ABC,0.619809346
COST,0.501383641
Cost,0.859812607
MSFT,0.558700384
PBTS,0.79504168
CI,0.425416558
KC,0.418177933
CAH,0.925436493
HAPP,0.20449711
HUDI,0.550468213
BON,0.656484264
LYL,0.445949487
OZON,0.745779626
F,0.809861286
CVX,0.047427804
ANTM,0.352398122
KR,0.468759748
HD,0.839213515
JPM,0.618483191
GM,0.798618681
CNC,0.525945497
CMCSA,0.794399852
BIDU,0.376922074
FB,0.292356671
MPC,0.455043851
ESRX,0.33098377
DELL,0.517610101
PSX,0.398614053
LOW,0.920184052
PDD,0.513745819
CAN,0.945848743
JNJ,0.154195547
BAC,0.78776874
DVMT,0.137226006
OSN,0.859080781
CSIQ,0.429307422
FDX,0.915580462
MKD,0.761171083
LIZI,0.71919818
JFU,0.132126027
KRKR,0.591364389
LXEH,0.970693683
JWEL,0.390193826
KMDA,0.555007534
EJH,0.180854411
BROG,0.274374726
OCG,0.322958778
EBON,0.747735555
DOGZ,0.084857956
LLL,0.268481514
LGHL,0.412055079
MDJH,0.414301693
BAOS,0.507266207
IMRN,0.301782147
NLSP,0.189058055
NTES,0.83711262
HUM,0.992585032
FAMI,0.133419196
HX,0.897076924
ADM,0.004190917
INTC,0.895100428
PG,0.157288003
GE,0.459551925
PEP,0.984111563
IBM,0.639635737
C,0.876280247
PRU,0.928437701
MET,0.350184266
ACI,0.751000514
DIS,0.838584381
LMT,0.265182801
HPQ,0.264360436
BA,0.667824151
AET,0.268354022
PRS,0.515479318
MS,0.408340575
GS,0.621740844
HCA,0.7219082
PFE,0.534878247
ABBV,0.521125778
ET,0.880204957
DOW,0.95808304
BG,0.532208336
CHTR,0.323997848
CSCO,0.320039387
ACN,0.518651209
ALL,0.904307755
CRESY,0.22672083
CAT,0.23395288
MRK,0.037591937
AIG,0.550735722
BBY,0.840133805
TSLA,0.006588274
PGR,0.94585659
NKE,0.329822654
BMY,0.307399019
PM,0.919407949
DE,0.842631244
ANDV,0.440788966
ABT,0.653778811
LYB,0.56684075
AXP,0.986004632
ORCL,0.340815612
CB,0.019524249
GD,0.210588105
CHSCL,0.214045676
CHSCM,0.273207438
CHSCN,0.442154106
CHSCO,0.380212043
KO,0.604064212
NOC,0.058324919
COP,0.060524108
MMM,0.879312153
PAA,0.647387931
PAGP,0.061857729
CHSCP,0.110838792
EXC,0.421629371
HON,0.017060327
DG,0.63257268
ARW,0.450095897
EPD,0.673123492
MDT,0.641718664
COF,0.385470086
IQ,0.216165496
PFGC,0.759031982
LIN,0.333664818
AZN,0.891946731
JBL,0.760974986
NFLX,0.495649329
MDLZ,0.576569822
DHR,0.097803897
HPE,0.898960879
DHI,0.986468167
LLY,0.579432237
MU,0.45328388
GILD,0.731217799
AVGO,0.938585088
AVGOP,0.232224284
IMO,0.536397625
KMX,0.137707825
KHC,0.96037578
CBRE,0.038780656
AMGN,0.297847481
DLTR,0.369381703
LEN,0.640764852
IMOS,0.804116309
FLEX,0.713745658
CRM,0.832007444
DUK,0.848589394
PAG,0.798015194
AAL,0.309632837
DAL,0.934183162
KKR,0.990721994
NVDA,0.627137565
AN,0.61550996
JCI,0.759549308
AMAT,0.961160143
MOH,0.927611699
AFL,0.198891215
MCD,0.058021399
PCAR,0.602336192
BHI,0.286681427
INT,0.771187307
OXY,0.901887857
NRG,0.223111375
IP,0.507442183
HIG,0.058152694
FMCC,0.360699255
FCX,0.534783565
CHRW,0.592874204
MO,0.909315885
LI,0.978068569
BKR,0.316396375
AVT,0.565836931
LEA,0.847996423
CDW,0.685889671
NUE,0.433523478
CARR,0.405885786
LUMN,0.031662402
BDX,0.628842838
MAN,0.947993308
CMI,0.401901373
ETN,0.495174834
KMB,0.648371654
MMC,0.28785655
PNC,0.633773056
PCG,0.463412271
LNC,0.937359344
GPC,0.90258606
GIS,0.149690246
EMR,0.867835145
LHX,0.72239231
M,0.165948669
DISH,0.214364827
BLK,0.063879073
LAD,0.482484162
CTSH,0.155745714
MA,0.837818929
PBF,0.84405779
DD,0.707312211
BILI,0.600015761
CLF,0.983929381
CL,0.683226577
BX,0.398454399
EL,0.345438211
DXC,0.781200016
EOG,0.072489614
GPS,0.357101916
LH,0.451740294
NEE,0.3059751
PPG,0.412396538
AEP,0.15608706
GT,0.481557175
BK,0.99873022
KSS,0.831327126
FISV,0.792483158
LRCX,0.144349705
BJ,0.063254695
APTV,0.476849836
CTVA,0.788222258
ADP,0.048083546
KMI,0.072659915
BWA,0.887267031
PH,0.895348703
AMD,0.11113259
EIX,0.424838753
MOMO,0.221860623
L,0.032205477
AZO,0.127860076
BLDR,0.230701801
ADNT,0.967847298
EXPD,0.733364886
HAL,0.608521836
ITW,0.865577739
K,0.215901412
OTIS,0.612850016
OMC,0.666515294
J,0.214339467
D,0.964992068
ACF,0.784067561
ASML,0.929066098
PFG,0.610214018
PPC,0.326713391
HFC,0.322941271
GLW,0.021901507
OKE,0.952706602
ADBE,0.045311601
FLR,0.794785462
ACM,0.751294422
IQV,0.118185425
FIS,0.600063938
LDOS,0.35991144
JWN,0.571746687
BLL,0.107623737
FOX,0.303328856
ED,0.184351949
BERY,0.072830907
AMCR,0.944975151
FOXA,0.855130818
AMP,0.76283549
ORLY,0.335118049
LKQ,0.526011243
PHM,0.194811752
LUV,0.323878177
MKL,0.643846804
GWW,0.668719898
HTHT,0.009233317
BAX,0.616064811
ECL,0.479198428
KDP,0.845567475
FNF,0.714073078
CYH,0.401913605
HSIC,0.925963947
LX,0.597856307
NEM,0.400707242
AON,0.504341493
CCK,0.115054451
CSX,0.707584443
MRNA,0.516607663
IEP,0.774003214
MUSA,0.038245876
DKS,0.833015524
CNA,0.334133901
DVA,0.488819283
HHR,0.996497154
DFS,0.459418914
BSX,0.80761328
JBHT,0.567406065
HRL,0.058317951
ARMK,0.124216855
GPI,0.207319736
CAG,0.124129538
BIIB,0.592779269
MHK,0.611501964
DGX,0.493810344
MOS,0.857124386
AAP,0.392035627
ETR,0.186547806
AES,0.540332653
NSC,0.723431013
FE,0.644699931
DTE,0.754794567
DISCA,0.77563706
DISCB,0.812205733
DISCK,0.317939942
EBAY,0.282748955
LNG,0.237852373
NWL,0.366639683
AGCO,0.379852257
AA,0.12872968
DVN,0.382300188
BWMX,0.150575197
APD,0.116707596
INTU,0.43964992
CASY,0.789019963
APH,0.626198415
AIZ,0.497048987
FTI,0.152675636
IRCP,0.359175985
EMN,0.84047166
NXPI,0.206330542
ATUS,0.519593966
IFF,0.435896211
CPN,0.675693
NWS,0.183992149
NWSA,0.267560426
PCP,0.663511028
ES,0.637620202
HII,0.901370224
BZUN,0.917370422
ACGLP,0.720373052
BBWI,0.100098297
JLL,0.781236839
OMI,0.438439802
ACGL,0.286588758
ACGLO,0.881497339
BKNG,0.456869985
BBBY,0.707557045
NSIT,0.912632639
ODP,0.887213417
DOYU,0.749019054
NVR,0.796677465
PEG,0.681479832
ATVI,0.694658352
AMT,0.514922193
CINF,0.384687492
CVNA,0.669712283
LBTYA,0.321422778
LBTYB,0.639523408
LBTYK,0.352635532
ABG,0.460269303
IPG,0.835879049
HSY,0.149882529
ALV,0.28931342
ORI,0.528437594
GNW,0.531255564
EME,0.266273073
JEF,0.809367566
FL,0.069901313
COL,0.053789639
LSXMA,0.599315972
LSXMB,0.820599381
LSXMK,0.940975611
DAN,0.404030804
DK,0.108550238
COMM,0.968750279
BHC,0.204564456
CPB,0.430795106
BEN,0.15054827
FAF,0.55406482
BURL,0.560841531
CG,0.05030856
GLP,0.774880578
GPN,0.408565947
FITB,0.03063905
FITBI,0.244918167
FITBO,0.4906013
PII,0.234146345
AVY,0.369782696
MAS,0.226220153
ANDE,0.305807861
CHWY,0.55290124
FITBP,0.419224819
CAR,0.116381549
OGN,0.177979548
CNP,0.201361415
OC,0.821131541
DRI,0.951971484
AFG,0.930969085
GMAB,0.309182994
BAH,0.023082792
MSI,0.518101495
CE,0.039017599
MGM,0.76802114
CP,0.006526422
AMRK,0.686456524
AJG,0.203908311
DOV,0.518906779
ALLY,0.186027343
OMAB,0.488487216
ARKOW,0.029948802
KEY,0.946353174
CTV,0.792570629
KLAC,0.922757199
OSK,0.785254297
PKG,0.503524517
FBHS,0.359593095
BCC,0.452828548
ADI,0.506444848
NU,0.690453988
BPYPN,0.28794753
BPYPP,0.306421995
CTAS,0.357294125
GDS,0.054061007
EXPE,0.515949882
OLN,0.704699314
CLX,0.582605537
LPLA,0.627712655
CMG,0.600336353
ALC,0.032628604
CZR,0.016477004
BPYPO,0.316564042
DOOO,0.197098705
CMS,0.923377176
MTZ,0.931835669
HUN,0.452716875
PETM,0.969988315
APA,0.997801812
ICE,0.800798622
MPLX,0.489947221
CFG,0.904027124
DADA,0.512654742
HBI,0.297768442
CQP,0.310584586
ARKO,0.200823196
IVZ,0.415087431
GPK,0.078409136
AVTR,0.929522675
BECN,0.922567774
HTZ,0.881788243
CBI,0.253090999
FYBR,0.321407921
EQIX,0.936414679
INGR,0.316003414
NCR,0.730795519
CWH,0.72950529
HES,0.353413622
EA,0.786425002
NTRS,0.191060664
NTRSO,0.097029695
PDCO,0.837958584
ARNC,0.77623635
AGR,0.181944883
FUTU,0.377015754
OI,0.546758648
OVV,0.307496971
PPL,0.296156518
BIG,0.568578728
CCI,0.245163078
MKC,0.105186876
MF,0.71670433
HAS,0.240558765
CMC,0.60197416
NTAP,0.625713685
CACI,0.236873543
MCHP,0.837295084
ABM,0.949539087
KND,0.453400253
MTB,0.667879197
MCO,0.210155361
ON,0.408327843
AEE,0.416105934
CHK,0.901287282
LSTR,0.13868878
NDAQ,0.773963663
NGL,0.240064011
LULU,0.751047288
APO,0.356492108
KBR,0.241459526
FAST,0.43066022
LOGI,0.985082318
A,0.712556694
AMKR,0.658329224
HLF,0.641523863
HOT,0.526281919
CERN,0.023357048
POST,0.742481743
ASO,0.214330427
CC,0.608086369
HOLX,0.294396684
MDU,0.135793302
KMPR,0.834929042
GME,0.01393769
DDS,0.591986801
AXL,0.198195977
EVRG,0.385531687
PPD,0.036710474
NOW,0.820366713
MELI,0.112640764
ISRG,0.707838599
CNXC,0.063569981
HBAN,0.729673512
NOV,0.258719777
PENN,0.055036238
ABNB,0.247422471
MNST,0.647031013
COKE,0.024557134
MAT,0.308253928
FANG,0.116229033
BHF,0.446257349
BHFAN,0.743022566
BHFAO,0.713083738
BHFAP,0.872865322
IR,0.594683824
AME,0.928422653
ADT,0.854870062
GRFS,0.983430194
BR,0.045153418
ESLT,0.588209755
AXS,0.916540311
CHD,0.007466005
CF,0.191727308
POOL,0.967371233
EW,0.373389431
CNR,0.134677591
ALK,0.603224559
PTVE,0.733483533
CSRA,0.565868117
PKI,0.270354922
GL,0.184208085
LEVI,0.10136002
KNX,0.547964411
OA,0.418960865
GRMN,0.833956667
COIN,0.284866491
HWM,0.044790499
LEG,0.171560173
ODFL,0.680535294
EHC,0.181479609
PLD,0.341174754
KEYS,0.504031266
JBLU,0.391848134
CPRI,0.514922994
IMKTA,0.238022906
HOG,0.139839145
MGLN,0.356414309
MLM,0.897423268
EFX,0.551952323
ENLC,0.100358712
FMC,0.178772143
NXST,0.461964893
KBH,0.337147946
GEF,0.331404656
MRO,0.286748202
NI,0.652755313
FRC,0.319753276
AR,0.049909205
JNPR,0.812003714
CME,0.095191092
COTY,0.161977055
LILA,0.525559002
LILAK,0.679968171
INFO,0.164871029
CVET,0.993994534
PANW,0.593623119
AEO,0.208135172
ELAN,0.924895227
IT,0.508987633
NSP,0.611373658
KELYA,0.264858384
KELYB,0.545785681
HBANN,0.142803171
OPEN,0.776639558
HUBB,0.31850581
DLR,0.972221481
IRM,0.868682477
ANAT,0.526030121
LVS,0.348722123
ICLR,0.370507517
BC,0.400380669
POM,0.357262412
FLO,0.126109298
AVNT,0.819923664
CSL,0.377025772
DOX,0.000617984
PRGO,0.096512171
ILMN,0.86608611
NLSN,0.781829192
ADS,0.973154169
JOBS,0.497425413
ADSK,0.253335659
PAYX,0.728033951
CTLT,0.113886324
JELD,0.68033689
CNDT,0.710344631
LII,0.291054772
DPZ,0.204680573
DAR,0.86847283
MRM,0.5803284
MMS,0.402271832
PTON,0.586694375
MCY,0.329802153
BXC,0.206522181
BMS,0.279070281
BCO,0.482351003
CA,0.107365274
LPX,0.212158798
DBD,0.718000144
MEOH,0.874735663
HUBG,0.168079702
IGT,0.521418447
MRVL,0.667023777
ZM,0.104565169
ASGN,0.10283542
AWK,0.196984429
MDC,0.440646219
BLMN,0.305508779
AEL,0.8985998
BGC,0.092862202
CLR,0.194552993
CCS,0.73430119
G,0.47712211
AXTA,0.17384299
LYV,0.286403616
AAWW,0.170011998
LW,0.198598999
GTX,0.83244507
ALGN,0.602207849
PNW,0.022968972
PBI,0.865397062
PSN,0.518361996
LCII,0.466671506
PATK,0.918263109
FLS,0.164231669
EM,0.646379721
CIGI,0.330989271
COOP,0.78828206
MTOR,0.999300294
GVA,0.216194498
BF-B,0.647714738
PSMT,0.783576053
MTD,0.774601174
BF-A,0.084049747
ARCB,0.223129567
EQT,0.032121093
PNR,0.305046311
LNT,0.624085179
GDDY,0.632558763
PRIM,0.695436534
CBOE,0.229609298
FANH,0.265970396
IHRT,0.124112074
GNRC,0.609458901
CRL,0.564846511
ADV,0.519100784
OTEX,0.683789034
HRB,0.1074954
CIEN,0.25900526
ATO,0.993133261
AKAM,0.876986205
OGE,0.91875713
NIU,0.518487162
IAC,0.325537938
CRI,0.04656167
AOS,0.478483985
EPAM,0.102317966
TTWO,0.505163824
PLXS,0.928724296
AYI,0.00555849
PSA,0.242573805
EAT,0.115038915
CHNG,0.995233294
CMA,0.02727085
FTV,0.866952267
PTNR,0.2860209
OPCH,0.980245648
ALB,0.462381116
CLH,0.261501444
CENTA,0.284229603
EXPI,0.339760813
GTES,0.365486624
GCI,0.424154712
CENT,0.775015594
AIT,0.656015874
DY,0.502668725
ECHO,0.768947498
CTXS,0.44599282
IIVI,0.754407979
IIVIP,0.79066522
FSV,0.410567092
CBT,0.466166521
MSM,0.4892987
LGIH,0.944395042
IDXX,0.721319239
GRUB,0.426701492
FTNT,0.97338981
ANF,0.140632732
MLI,0.095703014
MIDD,0.675878633
GO,0.166185789
ATR,0.161870041
CR,0.800545641
LECO,0.87772339
CFX,0.488180423
ENBL,0.625271713
AMCX,0.28747253
FUL,0.262474284
ENR,0.005689369
GHC,0.499922882
BIO,0.464477307
ENS,0.352964931
MDP,0.852744175
CDNS,0.496908558
PAE,0.990520957
AVYA,0.819561058
ENDP,0.173622589
CBRL,0.295060369
CHX,0.2493258
HZNP,0.869670373
BRO,0.73958209
BYD,0.833680626
LAZ,0.642017726
MATX,0.886252297
HRC,0.71073444
COO,0.209462927
COLM,0.664235671
CPRT,0.312952793
EEFT,0.297327014
ALLE,0.233514351
MHO,0.549957211
JAZZ,0.282311623
DCI,0.239989152
MAR,0.548490129
MKSI,0.515816129
CLMT,0.866226779
MTCH,0.504819126
OSTK,0.719421945
NRZ,0.211044727
PARR,0.216910987
FRG,0.412747738
KSU,0.41322215
LYFT,0.919682243
HI,0.455648509
FIX,0.474153541
BKD,0.686293201
BXP,0.478866089
BTU,0.8462822
ANET,0.920422579
CNXN,0.127768322
DECK,0.281561769
IBKR,0.205234492
NVST,0.795929352
GXP,0.243500312
INCY,0.832624589
BLD,0.653878646
FIVE,0.230419715
EVR,0.765147367
CAKE,0.454115492
BPOP,0.904384603
NLOK,0.986592175
AMN,0.424994513
CIT,0.695381891
IEX,0.056650997
CMPR,0.109962278
CAPL,0.432081383
FLT,0.633938233
FCN,0.649164703
FSLR,0.405168305
CD,0.728740645
DSEY,0.206548525
ERIE,0.111832445
HOV,0.670104724
CPS,0.382837266
PGTI,0.378330162
ATI,0.423447918
ENSG,0.690038727
MANT,0.829065088
GFF,0.574167581
GIII,0.428004172
NMRK,0.324567635
JOAN,0.421067167
ITT,0.768634344
APP,0.99311009
GPRE,0.385512625
BV,0.502746902
PLTK,0.200903795
ATKR,0.17214842
MMP,0.765496125
MLHR,0.931799852
MYRG,0.427254451
MRC,0.823850711
PRI,0.562580206
CW,0.673289822
NEGG,0.252586178
EQR,0.338900032
NUS,0.264265007
ELY,0.568135285
ASH,0.865369929
GTN,0.451337574
ALR,0.481620555
GES,0.577392667
NDSN,0.041156656
CAL,0.746712307
DOOR,0.125760602
GET,0.949511311
DXCM,0.37841611
KGJI,0.564040472
GEO,0.918015793
KARO,0.51379165
KAR,0.199217113
AVB,0.091342368
POR,0.094822298
NAVI,0.978848697
BRKR,0.730788056
CRTO,0.919767318
ACHC,0.244918032
ALSN,0.057981446
PINS,0.028996871
BZH,0.272228163
DBI,0.378352674
ETSY,0.506505748
FND,0.150360137
MUR,0.325155417
GCO,0.94334438
AMED,0.085711598
NEU,0.32843826
FFIV,0.537563114
AMG,0.445268308
HST,0.737891759
ENTG,0.07973887
NVT,0.69584543
LHCG,0.906913708
HELE,0.697052697
ESI,0.975302723
CROX,0.704122117
AJRD,0.780701002
CHKP,0.233378076
LNCE,0.689934954
FLWS,0.482569202
CHE,0.910388925
BDC,0.292451506
BWXT,0.995147077
GOLF,0.66242796
AHCO,0.455305262
EYE,0.002431551
BHE,0.937531879
DBX,0.372604124
KALU,0.180338533
HNI,0.671830316
MLCO,0.034818978
AMRX,0.719811897
HLT,0.057965463
KFY,0.329093752
KEX,0.147577657
OCDX,0.393140505
NJR,0.454967449
BOKF,0.04132176
ITRI,0.148797754
PBCT,0.868880915
PBCTP,0.173390908
ARE,0.400044585
HZO,0.725774158
FWONA,0.547074178
FWONK,0.518518986
CVA,0.221039308
CRC,0.39914863
BGS,0.620679091
LZB,0.470046258
BGCP,0.580681752
PRMW,0.432573057
CRSR,0.072542287
AL,0.787364522
DNB,0.024945046
BZ,0.812826959
JW-A,0.068194684
CTRA,0.840453287
FCNCA,0.987613636
FCNCP,0.865931594
MSCI,0.675403013
PDCE,0.609496616
LFUS,0.703521308
HAIN,0.475762556
IEA,0.939921454
KLXI,0.135114117
HRI,0.769869337
GEL,0.632064646
IPLDP,0.017579293
MTN,0.860268508
NYT,0.940210668
COWN,0.169022545
MSCC,0.176563461
CCO,0.432112072
INVH,0.162900286
ACA,0.773330105
AIMC,0.804181154
CSGP,0.173886169
PLCE,0.47487757
ANSS,0.893299466
GGG,0.138289489
OPK,0.132524576
CXW,0.19218166
GRA,0.148398192
BMRN,0.9107152
PEAK,0.382158692
CODI,0.314091667
KMT,0.412063828
GNTX,0.709066629
BKH,0.28819494
NICE,0.690254626
FINL,0.430447375
HYW,0.680939768
ACCO,0.874699944
NBR,0.883171241
MODV,0.88769394
AAN,0.495843953
O,0.104583228
DLX,0.365403659
MOD,0.98705365
PTC,0.286081568
AMWD,0.495662196
OII,0.669661122
MD,0.903988264
AHGP,0.147615451
DOCU,0.123096725
JKHY,0.097935958
FOSL,0.403828625
GBX,0.256595169
HEI,0.446865914
KRO,0.158249581
MAXR,0.79111917
OLLI,0.928048167
FRTA,0.203040971
ARES,0.267527802
EXAS,0.057201556
CENX,0.370569146
JFIN,0.018865361
JBT,0.807237394
LITE,0.388756632
CLW,0.69523014
PINC,0.667335756
MAA,0.899519705
HOME,0.501617525
ARCC,0.012557864
KRA,0.869546468
GTT,0.827292129
CDK,0.996402718
IBP,0.269979217
AVAH,0.658541571
HLI,0.620359984
MERC,0.174883114
KOP,0.92730351
FHN,0.32635523
DIOD,0.443856752
NFG,0.620876298
PSTG,0.720043537
EXP,0.192078072
MATW,0.295644698
OGS,0.366315006
HUIZ,0.138054653
PLUS,0.385747813
EWBC,0.990411572
IRBT,0.855983753
FOCS,0.581813257
JCOM,0.932175963
AIR,0.463500213
ATSG,0.313735429
HCSG,0.649728671
AGNC,0.65521039
AGNCM,0.131673128
AGNCN,0.768613691
AGNCO,0.880331889
AGNCP,0.64596778
PAAS,0.901032093
ECPG,0.898048336
Golf,0.180896044
COG,0.145894013
LAMR,0.182242795
ANGI,0.951201397
MTX,0.044542392
PNM,0.939343633
LE,0.007919792
KWR,0.06442361
MORN,0.2185758
CIVI,0.87620965
GLT,0.041918838
NKT.CO,0.68827953
ICFI,0.586011989
CACC,0.374907998
ESGR,0.019822221
ESGRO,0.597225769
ESGRP,0.051860671
IAA,0.364356457
FCFS,0.616047306
FTDR,0.46777105
AFYA,0.692225861
FDS,0.121428948
EXPR,0.160448812
CONN,0.438281511
FWRD,0.961525563
FELE,0.625521322
BFAM,0.671583787
IMAB,0.615561953
EXR,0.980585008
LBRT,0.22523748
NS,0.896414685
LRN,0.430037785
GSM,0.765045234
IART,0.609771933
CRUS,0.760226224
IPCC,0.957150813
CHDN,0.029225605
LANC,0.019680423
CBSH,0.15261515
ESS,0.73423818
DSKE,0.768979288
MDRX,0.388642064
EBS,0.73499532
DHC,0.607754216
KFRC,0.583957429
DUO,0.385346779
CRS,0.606071016
NFX,0.454761414
BNED,0.236853628
CHEF,0.770970828
MTW,0.710885869
ARLP,0.195831993
NTNX,0.321212734
ALGT,0.370895594
HMPT,0.486450581
ETRN,0.893989655
ASIX,0.51521837
IPGP,0.271398057
PLTR,0.527781719
AEIS,0.250321522
PKOH,0.267027827
PCH,0.202255248
AQUA,0.38539553
ARCH,0.772048767
CNX,0.871639837
HIBB,0.639679287
CABO,0.440111943
IDT,0.031242744
IDA,0.389496929
NATI,0.875625934
AMR,0.39768384
COHR,0.623660046
OPY,0.588065029
DNOW,0.570018322
MCFE,0.746972518
CALM,0.715701157
CPE,0.628330876
PACW,0.139829553
IESC,0.653661039
IOSP,0.055583444
FHI,0.177811885
INFN,0.40855281
HLG,0.93850076
NTGR,0.026294683
HIMX,0.552350869
AVA,0.124744371
DRVN,0.637092245
NUAN,0.875383243
HMN,0.260902009
FICO,0.956765849
MTRN,0.541480204
FLOW,0.925713051
DIT,0.173960458
OAS,0.277984904
LESL,0.581182157
MSA,0.800281358
PCL,0.689505163
NWE,0.948233111
GDOT,0.209758751
AE,0.16389033
CMP,0.486871883
HWC,0.17107316
EAF,0.401084617
BKI,0.658933459
ICUI,0.079499509
KE,0.806341664
ACIW,0.004550796
CNSL,0.292104473
CRCT,0.049755162
ALE,0.670667928
MGI,0.746243831
MNRO,0.293878817
APOG,0.943081446
PNFP,0.698422694
PNFPP,0.976012082
MED,0.543995866
DLB,0.875871292
MTDR,0.086286956
FOR,0.664187146
MC,0.399402451
EXEL,0.541304635
CCRN,0.743584221
HA,0.161841172
DORM,0.644509243
ALG,0.120966215
ENPH,0.717376853
CWEN,0.576469697
ONEW,0.396332468
FOXF,0.892970863
OUT,0.704682033
GLPI,0.187784999
HXL,0.708808649
KLIC,0.062173754
KIM,0.157999299
MASI,0.813607961
AMH,0.73985446
NVAX,0.704627099
CCMP,0.071424649
CEIX,0.351781426
PEGA,0.249246157
MTG,0.749706284
NGVT,0.830032725
AY,0.06328356
BRBR,0.197232912
FSS,0.660920133
MEI,0.479410504
LL,0.980774768
CVCO,0.1114819
B,0.306750107
BGFV,0.605042305
ELS,0.033209287
OSIS,0.625168407
BKE,0.47331123
CLOV,0.027897489
GTLS,0.289648483
CONE,0.929400619
OKTA,0.563270526
DKNG,0.009551363
BRC,0.248097586
JJSF,0.052111385
JACK,0.557595509
APR,0.644171446
GRBK,0.746186793
CRWD,0.472693765
OZK,0.418155845
DFH,0.48811161
ACT,0.165054377
ALKS,0.848887053
NUVA,0.906772643
GPRO,0.085006353
AMRC,0.328314156
DRE,0.908402756
PRAA,0.099188232
ATGE,0.392481482
ALHC,0.495190949
PTEN,0.935613405
LAZY,0.180725514
ITGR,0.682905788
MPWR,0.648127293
FIZZ,0.756781529
BRKS,0.554112336
MEDP,0.204593962
CPT,0.530357971
OTTR,0.422451451
HESM,0.581647617
GRPN,0.528047036
HP,0.470119006
ENV,0.346502333
PLAY,0.051557107
EXLS,0.871305895
LAUR,0.558295957
CRMT,0.696710857
CBZ,0.624260255
HUBS,0.054229146
NPO,0.974144118
OMCL,0.115869052
PUMP,0.350891497
NBIX,0.213242503
ASTE,0.553770747
ARCE,0.854176482
TREE,0.356617931
ALTG,0.929385194
BGNE,0.926242494
PSXP,0.994602582
KOS,0.036788714
GOCO,0.843085056
ICHR,0.176102454
MMSI,0.789882287
DXPE,0.69603536
BOOT,0.157465012
BRX,0.706693719
NGVC,0.083500314
ABCB,0.506898265
HMHC,0.460704181
EXTR,0.560027344
PODD,0.404635691
FLGT,0.78095331
NX,0.797815214
CRD-A,0.305171358
CXDC,0.581683011
GDEN,0.871908933
AGO,0.862786243
CVGW,0.727204346
FOUR,0.766325208
CSGS,0.450470552
HNGR,0.25833107
MBUU,0.664079996
MWA,0.61669279
FOE,0.896236293
GOGL,0.386562888
BJRI,0.816820585
PAYC,0.205635527
ALTO,0.302746764
OXM,0.901740381
HGV,0.673668655
APAM,0.275121495
CAVM,0.627455648
PBH,0.532797524
CGNX,0.11005325
PJT,0.28318662
CNMD,0.092301464
ESNT,0.1215368
CVLG,0.196396539
ABMD,0.271843394
CTRN,0.83724455
EVH,0.341679687
ECOL,0.937948792
AFRM,0.014445847
CDAY,0.221339718
CVGI,0.493875863
OCN,0.659546296
NEP,0.244101665
EBIX,0.931123426
NHC,0.823909584
MRCY,0.545153566
DEN,0.297676949
AWI,0.972010851
LIVN,0.083541737
FULT,0.507168277
FULTP,0.511370954
MRTN,0.002250949
BBSI,0.220045806
GMED,0.695170572
BLKB,0.497594735
FNKO,0.181148214
DFIN,0.969263567
FRT,0.63283331
OHI,0.321090298
BSY,0.666232742
CMLS,0.683819404
LSEA,0.865740174
PRVA,0.919834001
HAE,0.796571762
CRSP,0.049785382
PETQ,0.602388552
COHU,0.941873307
AM,0.732830719
NP,0.447607905
BB,0.124811344
HBP,0.157805831
AIH,0.791751208
AIN,0.123077392
DASH,0.075740488
LOPE,0.728906711
CLDR,0.255852385
ISBC,0.454547887
NESR,0.191177645
HSII,0.826274574
MMI,0.188429577
ACC,0.337394725
AMC,0.969689345
JBSS,0.676542038
AXON,0.036770691
DEI,0.618916269
HEES,0.514770979
CHH,0.362651026
BCOR,0.90168923
CDEV,0.004063861
AVO,0.878524437
IVC,0.494372183
LCUT,0.992427877
HURN,0.588299699
AZZ,0.674681155
CWT,0.428174498
CDE,0.788046176
IPAR,0.63232059
PAHC,0.711000225
KN,0.103782979
CWST,0.836626018
ONB,0.508792532
NTCT,0.01191637
PERY,0.665360592
MXL,0.32949363
ENVA,0.123755043
ADUS,0.978978145
NWLI,0.155317289
CSOD,0.416130662
METX,0.682255141
MGP,0.984893034
NFE,0.646866487
HL,0.441844964
PPBI,0.911400792
PROS,0.273168616
BOX,0.437352447
KODK,0.673107297
MAXN,0.794393533
KTOS,0.161288014
HVT,0.35916732
DGICB,0.075437111
HZN,0.815325362
EVA,0.976502452
AROC,0.902449609
LEE,0.022045031
BE,0.424319488
DGICA,0.803452882
CMCO,0.627405601
GBCI,0.866596674
MAC,0.586713717
MDB,0.827454952
LBRDA,0.052885866
LBRDK,0.876486987
LBRDP,0.784532944
MMLP,0.233191405
HCC,0.322761235
ARRY,0.220077747
OB,0.782549172
BCPC,0.849250483
CIR,0.61748288
DDOG,0.019484062
CARG,0.819994718
FORM,0.795175498
H,0.110235534
JRVR,0.63371623
NE,0.472820005
CHGG,0.555183516
AMEH,0.332570265
KAMN,0.442980151
AUB,0.425993464
AUBAP,0.418696331
JOUT,0.583415517
CUZ,0.376420136
ALNY,0.338243322
PEB,0.515983785
COTV,0.339819208
FHB,0.422421163
GWRE,0.316427055
HQY,0.356972297
CVLT,0.750624032
CUBE,0.000166852
NLS,0.854439691
IPXL,0.135609976
HIW,0.798185691
AZPN,0.072347279
USO,0.427089195
FMBI,0.680922761
GPOR,0.668590623
CATO,0.714880494
BMBL,0.939187949
PGRE,0.755267834
LPI,0.34551641
ALGM,0.951837781
ALRM,0.278604993
INOV,0.392865124
DCO,0.32186318
AVNS,0.372948055
HFFG,0.809203893
HHC,0.338391626
Mac,0.799688201
FEYE,0.12173077
HOMB,0.494541852
PRPL,0.651952736
ESE,0.415528923
PRFT,0.191212929
APPS,0.485628949
MKTX,0.702912801
PRDO,0.364795974
EZPW,0.469092357
HLIO,0.377562236
PK,0.412431453
COUP,0.044455407
AOSL,0.308132005
GLDD,0.027358653
LSI,0.478278402
DIN,0.498502542
MIC,0.070247979
GDRX,0.283027401
NEWR,0.988966571
ETD,0.692891236
MYGN,0.703638097
BLBD,0.465007288
PCTY,0.954065081
POWI,0.022030373
NNN,0.663545958
NVEE,0.308693753
HLX,0.369518924
DLTH,0.384882235
ESTC,0.002573303
HTLF,0.201032221
HTLFP,0.289094165
HWKN,0.465416029
MRVI,0.351226508
NWHM,0.264540907
PLAB,0.574525403
IONS,0.795549181
MTRX,0.353211135
PSEC,0.433015294
INNV,0.867810852
MOV,0.770078383
CCL,0.510764134
BW,0.165091323
CATY,0.625706153
ORA,0.180210095
KAI,0.711247646
GBLI,0.330403941
HSC,0.375835962
MG,0.993074358
CIH,0.427204546
MANH,0.341325087
FIBK,0.055599909
PTSI,0.620828031
UPST,0.728986028
GMAN,0.112844149
HOFT,0.778307216
COR,0.365523078
GSIG,0.224856268
LTRPA,0.135464613
LTRPB,0.564041757
HRTG,0.525925652
NOVT,0.753165822
JBGS,0.170142205
DDD,0.48525565
COLB,0.408865398
AFI,0.250035922
MPAA,0.297928156
HTLD,0.141481506
FRHC,0.681410987
CSTE,0.166153698
MTSI,0.169181021
CARS,0.265189984
AMRN,0.343550621
IRDM,0.059531842
BSIG,0.261572841
APLE,0.378984892
FFBC,0.514918395
P,0.219429081
HCHC,0.7464011
EBC,0.308819126
GLRE,0.250547573
CRVL,0.98598993
IBTX,0.393689255
PANL,0.927730652
KNSL,0.031692141
MGRC,0.057029628
EHTH,0.08141877
ONTO,0.714946004
APG,0.906107465
ESBA,0.391856513
ESRT,0.135613206
NXGN,0.156562169
KIRK,0.56540739
ACLS,0.697961834
BRY,0.374947747
CCOI,0.806293796
OPI,0.80957614
IBOC,0.265597735
KBAL,0.722560948
CRAI,0.271803963
CGC,0.711585225
MGEE,0.44788526
SOFI,0.775585896
NTRA,0.896244316
BOJA,0.734787142
HOLI,0.591299331
PRTS,0.916390494
FIVN,0.40586261
CMTL,0.265096045
EVC,0.744911697
JAKK,0.893886444
MGPI,0.7924858
EVTC,0.959356721
EGHT,0.223391474
MYE,0.231593626
NWBI,0.336454793
IIIN,0.124790961
CVEO,0.584844382
MIME,0.673950576
CSPR,0.131831623
OLED,0.796464742
BANR,0.248171196
NVCR,0.315243124
EVRI,0.268513921
OIS,0.686198432
OCLR,0.914095712
CNK,0.473701822
LNN,0.795591669
CALX,0.218990888
ADTN,0.296027857
ATNI,0.715715955
PEN,0.984031544
LNDC,0.367875618
BDN,0.424993419
JILL,0.390153935
NET,0.110215636
AYX,0.387964433
LMB,0.408584547
HOPE,0.005787004
MCFT,0.45843579
CREE,0.322303769
ALTR,0.291573394
OPRT,0.875615476
FFIN,0.447520454
GTH,0.013527403
KTCC,0.379693267
GSKY,0.213293413
FSTR,0.366011291
PLOW,0.265663037
AAON,0.017537956
ONEM,0.520308428
LGCY,0.250488906
AZTA,0.809077229
PRGS,0.50433185
PCRX,0.376701876
HR,0.687961434
BELFA,0.553031331
BELFB,0.055541829
FLXS,0.886485859
MSTR,0.242877091
ARGX,0.965792728
CAAS,0.537793247
PLPC,0.820741637
MESA,0.383516233
AWR,0.856035224
ATRO,0.835807646
ATCX,0.743032578
AVLR,0.661446032
CNS,0.666259556
CASH,0.274274313
MDLA,0.528852095
GCMG,0.730619497
CTS,0.793994507
EPAC,0.031992427
KW,0.398629125
AHT,0.540303133
PTCT,0.411832967
FRME,0.015309148
CVBF,0.736378462
CSWI,0.10573104
PLNT,0.132249169
NEOG,0.030862051
NSA,0.141217618
HEP,0.164950025
NNBR,0.290803054
EGLE,0.976383859
NEO,0.597869585
DAKT,0.947922556
NBTB,0.096599582
EPAY,0.214710252
APTS,0.923047817
GPX,0.71495861
APRN,0.623680819
FORR,0.719708303
LSCC,0.48050824
EVOP,0.630044424
LAYN,0.809866893
LCI,0.232541551
BAND,0.533584462
BANF,0.162087737
PRTH,0.174086383
BSET,0.847157494
ACAD,0.887970748
PGNY,0.409516874
LZ,0.156926788
POWL,0.804804807
CYBR,0.616604683
NMIH,0.705406042
NR,0.544446422
CGNT,0.91955012
NDLS,0.884975149
HCCI,0.308792291
BMI,0.312320364
KMG,0.566813512
AMK,0.05762119
NTUS,0.827297927
HALO,0.005263442
PERF,0.598607633
FR,0.782866907
CLB,0.567240911
AVD,0.962911142
AGX,0.629965551
OFIX,0.513813563
HYFM,0.669809368
LOCO,0.706286931
GLNG,0.122895912
IMBI,0.710921823
BYND,0.532649643
INDB,0.690804245
MGIC,0.385776792
LPSN,0.064823435
ORGO,0.701109878
DOC,0.720706229
FET,0.45391562
ABCL,0.580221482
IBEX,0.748096908
PRLB,0.630324599
NBEV,0.599254761
PERI,0.976463135
AVAV,0.942512961
ALJJ,0.298650215
PNTG,0.683822982
HALL,0.364967243
LOVE,0.940093773
PSIX,0.703167508
KLXE,0.30814687
CPLG,0.275284213
NATR,0.318220095
EXPO,0.036387608
MBIN,0.491469365
MBINN,0.590607872
MBINO,0.841948499
MBINP,0.732921426
MNTV,0.477005232
PLAN,0.748952869
GRIN,0.264999589
OTLY,0.589270504
ARAY,0.670386041
PSB,0.338408474
FRGI,0.837491109
CTAM,0.838517757
CASA,0.385937893
LAWS,0.758723502
EVER,0.357279815
IRWD,0.682142407
AMPH,0.253693548
APWC,0.152689406
GNE,0.407498133
BUSE,0.220987972
NVRO,0.616267819
FARM,0.416567666
BRP,0.975646575
BL,0.227639809
DSGX,0.256863949
IDCC,0.148862864
AMOT,0.020745253
BBRG,0.61332338
LOB,0.472887253
AVID,0.442347033
BHLB,0.353672766
EPR,0.89272272
FRPT,0.221452357
GRWG,0.129746448
MUX,0.856615461
OCFC,0.522189913
OCFCP,0.836710599
OMP,0.068111521
HEAR,0.007437301
LNTH,0.481207319
MGNI,0.707761752
NVTA,0.740559148
CRNC,0.018339562
BH,0.018578268
HLIT,0.665586566
EGBN,0.878699111
BATRA,0.27673283
BATRK,0.743792048
CHUY,0.15063899
INVA,0.931636712
FFHL,0.893758223
EGP,0.024638229
NVMI,0.600119015
HCI,0.784616435
DENN,0.434556921
HMST,0.539772503
EFSC,0.667078023
DXYN,0.564711371
NPK,0.88304127
IMXI,0.032060199
CTG,0.200067371
LXU,0.243185916
CNTY,0.79141748
EBF,0.618181671
CHRS,0.759404424
DESTQ,0.351931029
HCOM,0.975354011
JG,0.383489847
MEC,0.159506963
CSV,0.156636596
ELVT,0.631995447
ARLO,0.357466288
AMRS,0.15924106
ALYA,0.868913286
INGN,0.816545111
PBFX,0.986131442
FUN,0.18006416
BBW,0.634329496
ICPT,0.185457298
GRC,0.04982496
DNLI,0.442509153
CORT,0.827186229
PBPB,0.675273786
LYTS,0.455112933
IMPV,0.830734327
BCEI,0.987859077
HLNE,0.365515805
APEI,0.610507685
ELF,0.154389356
PMTS,0.324818773
IGIC,0.609815016
APPN,0.6047071
GH,0.873667278
AHH,0.448084147
OCIP,0.234595635
MCRI,0.919204026
LXP,0.149724069
EVBG,0.720804831
DZSI,0.558990674
DRQ,0.567653809
GNL,0.539775491
CMBM,0.227264465
JAMF,0.653420805
HAYN,0.840221166
HTIA,0.227593863
MSGE,0.758832753
APPF,0.774398305
IHC,0.07485842
CLAR,0.338608223
FTAI,0.050430178
HDNG,0.800783464
AAT,0.275449717
PROC,0.427888473
FARO,0.005804459
AFIN,0.130601234
AFINO,0.725088005
AFINP,0.596734228
LINC,0.294206433
CAMP,0.290644167
HDP,0.933600218
ALEX,0.370752635
AMSF,0.825421524
COLL,0.122578477
AP,0.583245254
DKL,0.909669983
ATLC,0.982543932
FSLY,0.853325805
NODK,0.577688975
INMD,0.235996058
GOGO,0.511642363
NHI,0.94784315
PFC,0.878304665
IRTC,0.831398706
NYMT,0.857817331
NYMTM,0.839506186
NYMTN,0.806185595
NYMTP,0.464840936
DXLG,0.773183967
CULP,0.684245016
GLPG,0.032672689
CRK,0.868434885
HIL,0.223114627
ACEL,0.121971406
LC,0.234354777
CECE,0.217854473
ITIC,0.803616185
PCOM,0.144662845
COCO,0.733542917
BRKL,0.830045108
ICLK,0.957498398
CAI,0.633429015
GHL,0.38662972
DGII,0.096998353
BBCP,0.366053977
GBDC,0.854700532
KRNT,0.068188221
AGEN,0.402997457
ODC,0.583217657
EVK,0.666678741
FLNT,0.638024246
AMBA,0.376474937
FBNC,0.512452682
LPG,0.031273554
NWPX,0.28073385
PLYA,0.471574393
ANGO,0.276546237
ABCM,0.269566229
NPTN,0.225365212
AKU,0.122273843
ESCA,0.221680628
ADC,0.890764764
FNHC,0.923426874
FOLD,0.897613695
DCOM,0.797891637
DCOMP,0.711475464
ASAN,0.156752522
PETS,0.402485145
FFWM,0.874593853
BVS,0.452805633
FTHM,0.463426738
AAC,0.07966826
CRNT,0.88332447
AVHI,0.574816843
PFSW,0.003208659
MPX,0.540546455
LTHM,0.850098578
FGEN,0.676940905
NINE,0.98433598
AVNW,0.925717456
HLTH,0.071120261
KTWO,0.390233833
CRY,0.995825399
CCF,0.513949176
AOUT,0.154050555
HCM,0.627690253
BGSF,0.062797021
CCLP,0.343907093
BHR,0.375384426
OBNK,0.065158366
NMFCL,0.944168819
CDNA,0.134675093
INSG,0.263079014
CERT,0.099891694
NLN,0.218608412
LGND,0.992238587
CLBK,0.238009828
CMT,0.176087698
WING,0.982501929
CPSI,0.164032544
CXP,0.469091204
HFWA,0.817456467
NMFC,0.961405115
HRMY,0.336395804
CNOB,0.910946327
AINC,0.623311079
NHHS,0.551019995
LASR,0.180606204
AKR,0.5640364
ARC,0.912576499
HCKT,0.462885675
BNFT,0.0683604
AMTB,0.59109839
III,0.980312653
LBAI,0.709527501
ITRN,0.08258249
DVAX,0.859124213
LIVE,0.987792771
DS,0.487246494
AMPY,0.150826887
MSBI,0.347384202
DCT,0.917083311
DEA,0.640052542
MDXG,0.069829332
CBKCQ,0.785949101
CSII,0.094838604
ATRC,0.378454629
PVAC,0.439748146
GBL,0.775730036
LEU,0.925014966
PRO,0.774249159
LQDT,0.474837128
ASLE,0.03976718
ASLEW,0.01759648
APLS,0.741126901
NCNO,0.615151743
HSTM,0.189696017
CALD,0.435060525
PEI,0.427656901
PING,0.523957374
PBYI,0.152794756
HSKA,0.586710432
FRSH,0.23473777
INSW,0.132408579
CSU,0.806786316
EML,0.898413362
HONE,0.272672436
METC,0.177063302
DLHC,0.031980327
FFIC,0.975617599
BOOM,0.584577724
NRDS,0.198971177
DOMO,0.680458066
ABAX,0.629131308
PD,0.737119765
CDLX,0.787900902
CAMT,0.774237272
ME,0.109066608
CIA,0.135507175
ESTE,0.642915739
AMTBB,0.959593734
NARI,0.023985432
AUDC,0.245272046
BSM,0.401366582
ALRS,0.337923407
BBGI,0.237795232
BMTC,0.826459675
CLNE,0.667496906
BILL,0.620863939
KEGX,0.103551355
GKOS,0.765898896
ACB,0.501129012
PAR,0.61176373
MMYT,0.478857298
PAYA,0.715089878
HAFC,0.313138555
HBNC,0.803626769
BFS,0.288303241
ATEN,0.140778973
OSUR,0.435525267
EVI,0.704169497
CGA,0.52632117
ACCD,0.798802511
HCAT,0.658755444
HNRG,0.729906155
ABTX,0.11838692
PTRA,0.502110263
OPRA,0.734207361
BRID,0.64461351
GABC,0.754868434
ATER,0.763257261
CHCO,0.104021624
APTI,0.612356643
IIIV,0.44523251
ILPT,0.47647483
PAX,0.977765607
LKFN,0.536475847
LOV,0.630829047
BRG,0.048659873
GSBC,0.950719027
FF,0.392329893
JOE,0.60061285
LFVN,0.423547088
PT,0.525385432
CTBI,0.19444763
CNTG,0.799457873
PEBO,0.724675114
PLMR,0.751097973
CCBG,0.779298859
GLBE,0.132385083
CYRX,0.094257149
OVID,0.191551364
INSE,0.730531331
ATEC,0.78396884
FMBH,0.365580684
MOBL,0.833704698
IBCP,0.278805209
LOTZ,0.480166269
ANIP,0.057402606
BCOV,0.703031576
HMNY,0.782421266
CFFN,0.541474951
AKBA,0.470395204
HURC,0.981596418
AMYT,0.062409061
ACMR,0.254177373
LLNW,0.676653481
AAME,0.831787467
AAOI,0.637256854
OCSL,0.304070045
MOFG,0.087402339
AINV,0.372988525
OSPN,0.79479688
AVIR,0.61690807
PUBM,0.191207049
ALX,0.295674821
KRNY,0.512804679
ETEC,0.586556453
FC,0.031460529
MCF,0.943801861
LPRO,0.592472168
MNTX,0.391973136
DRH,0.415906461
PRTA,0.645717398
ASPS,0.339772915
MHH,0.917659271
NCBS,0.663008309
CALT,0.811907925
EBSB,0.95944345
AMAL,0.839041598
BIGC,0.544485492
ALEC,0.578943617
FISI,0.810571513
DSP,0.919186189
CUTR,0.443158709
PLBY,0.763050283
NOVA,0.293207653
PGC,0.201239889
GILT,0.62711785
MTLS,0.227010962
LEGH,0.551613487
AEHL,0.201629617
FVE,0.458151678
DRNA,0.743680459
CAC,0.813842946
CPSS,0.359972909
FBMS,0.631747115
PUYI,0.074814036
AACG,0.522913068
LMPX,0.442206052
FROG,0.414637902
HHS,0.760374851
EPRT,0.22017648
BHVN,0.234585383
IEC,0.8898639
CELH,0.96099865
CTRE,0.265509354
AVDX,0.53531037
BFST,0.885712617
AMTX,0.862605834
HT,0.584343831
FCPT,0.72744183
Joe,0.898353634
AIRT,0.163855906
AIRTP,0.014544398
CCNE,0.637571671
CCNEP,0.711045498
EDUC,0.371886057
FTSI,0.77516128
PFBC,0.675782143
GBT,0.451732441
ASC,0.592110571
MBWM,0.26544709
PHR,0.036607835
FSFG,0.223186159
FMI,0.605524855
ATRS,0.317877277
EGRX,0.840778035
NAII,0.943157576
HDSN,0.923982115
EQBK,0.837101029
INSP,0.67317445
CATC,0.622593243
GDYN,0.816307411
MFIN,0.72027854
BDCO,0.46605003
OOMA,0.501829932
DHIL,0.169439389
PI,0.528418089
INSM,0.053855331
MODN,0.309740706
PHAR,0.554855289
LBC,0.613678614
ACU,0.302631436
NFBK,0.754754937
HMTV,0.177662833
KVHI,0.733079384
CGBD,0.124492569
NCLH,0.852897585
MOHO,0.414460215
FLL,0.459963081
FRD,0.624167237
INCR,0.403221163
AGS,0.694972116
CTLP,0.950258201
GSMG,0.640089112
BDSI,0.520039705
CBNK,0.579225941
CFB,0.194741079
HTH,0.587329466
HBT,0.370238281
KONA,0.99890723
IIPR,0.988181092
LTC,0.773796699
MOR,0.236477944
LMNR,0.461110704
EB,0.856917689
AGFS,0.357085445
AXNX,0.657117149
GLG,0.733483913
API,0.806683375
ABCD,0.020646674
CIO,0.689643617
MRBK,0.370707284
BWEN,0.437047502
MTEX,0.845732857
PRCH,0.539921993
EMKR,0.407894274
KSPN,0.595875574
IPI,0.673603669
ATRI,0.682934914
HTBI,0.141807584
CPLP,0.638924536
CLVS,0.993181259
AMBC,0.267019861
MCRB,0.318976499
HTBK,0.588277732
DALN,0.771076467
OXLC,0.264559207
OXLCM,0.249184837
OXLCO,0.400963066
OXLCP,0.037906351
AHC,0.62128857
EBTC,0.898892189
BBQ,0.572416085
CBTX,0.141999982
EGLX,0.231746301
LMAT,0.224112298
CASS,0.339647823
GASS,0.482356318
OESX,0.456263335
GTY,0.993700732
KEQU,0.205370306
FRBK,0.042813445
AGYS,0.517267294
KINS,0.058439883
JMP,0.634418368
IPIC,0.275068992
BATL,0.302605314
NBN,0.60495747
DRTT,0.25964441
ADPT,0.761708902
HSON,0.094078752
NC,0.287149456
GNLN,0.207023916
FCBC,0.929489304
ANIK,0.917946892
GSHD,0.736084395
CELP,0.179576538
NRC,0.139342554
MSEX,0.536602101
ALLT,0.321038509
CFFI,0.239595254
ALKT,0.508972853
MLAB,0.514887306
CSLT,0.784191942
AROW,0.620792976
NRIM,0.486574987
FPH,0.321301748
CLFD,0.454123509
CLDT,0.920368878
KTEC,0.151441524
ALTM,0.930430269
NSTG,0.204575202
BSRR,0.476859271
OSBC,0.661618286
POWW,0.154833865
HIVE,0.441695034
FLDM,0.956615817
NRP,0.226294116
ABST,0.216278048
MN,0.835694558
GOOD,0.084500918
GOODN,0.322321411
CARA,0.210276734
MTBC,0.112662938
MTBCP,0.125829726
CSTR,0.538924634
CPRX,0.380325535
CJJD,0.257783856
HPK,0.643415764
PFMT,0.346456865
BDL,0.090097573
BRSP,0.571479592
BPMP,0.759523806
CNBKA,0.951337871
CIX,0.578794753
ACOR,0.296935341
CDR,0.115366033
CARE,0.754382451
DHX,0.747580523
LFIN,0.583182495
LAKE,0.360245144
AXGN,0.341336772
ALTA,0.525097107
MNTK,0.419974278
IMGN,0.486370829
ITI,0.662956116
BTRS,0.292281517
ELA,0.231165551
AXTI,0.471552466
DSPG,0.125803934
OFLX,0.61670492
CLPS,0.17713508
NCTY,0.369923528
GIFI,0.330210307
FSBW,0.291928353
HBCP,0.23464396
FKWL,0.740577622
CIVB,0.043233932
MPB,0.726026159
GTIM,0.767296317
MBNKP,0.17742854
GSAT,0.033579502
CLPR,0.497665325
PLYM,0.951248675
ANAB,0.213216157
NSSC,0.001756444
GNTY,0.28103931
DTEA,0.079136487
PACB,0.58510741
BOXL,0.221349812
NISN,0.790537209
PPIH,0.239116161
BRMK,0.735150879
JRSH,0.722930668
MITK,0.169065058
IIN,0.467299314
FLIC,0.13091649
ACBI,0.959441203
ESTA,0.151506596
MCBS,0.018326761
NL,0.565269144
DTIL,0.251699636
ENZ,0.980788697
ALOT,0.808077845
GNOG,0.666897426
ATNX,0.719479891
HBIO,0.729009232
AMSWA,0.610150381
INBK,0.105220339
FPAY,0.133608584
ORRF,0.354693973
MGNX,0.531208935
PME,0.371749705
CTT,0.765473976
INRE,0.074801536
HIFS,0.358732062
MVBF,0.258750486
PRTK,0.727316794
FBIZ,0.458268944
BCRX,0.283205755
LWAY,0.480019905
MHLD,0.819183912
BKEP,0.839219325
BFC,0.706107458
MRLN,0.618411275
ARKR,0.05921301
BMRC,0.084177755
AMNB,0.424285358
NCSM,0.778411023
ASRT,0.222927783
CEVA,0.469140686
ALCO,0.881042287
ARWR,0.439985725
BPMC,0.875907345
ASPN,0.464615589
CNFR,0.425480371
CDMO,0.097041632
AVCT,0.718111245
NSYS,0.414544703
CODX,0.897502479
ITOS,0.893359864
AERI,0.854825212
PESI,0.262080647
GAN,0.42625961
PDFS,0.489859797
OTRK,0.761880553
OTRKP,0.534837553
LEVL,0.753930531
LEVLP,0.113150798
FLXN,0.150117212
HYMC,0.520089995
EH,0.671140363
GDP,0.565666591
AMPL,0.478766809
KPTI,0.609409223
BWB,0.007345621
CDXS,0.749924343
CFMS,0.522720849
NLST,0.879194952
GHM,0.935400995
CZNC,0.550628978
NKTR,0.971142554
INVE,0.661836092
JANL,0.215437706
LONE,0.291278139
OIIM,0.785239357
GTEC,0.169910971
PGEN,0.560443865
INFU,0.64513009
NEWT,0.141347536
AMSC,0.847191882
BCBP,0.048182504
ENTA,0.756096517
PFIS,0.413582784
CRBO,0.734692847
ERII,0.349619771
CERS,0.758176625
BLFS,0.845449333
LEGN,0.335415594
NES,0.087694837
EBMT,0.510288897
MYFW,0.972306967
GEOS,0.536859021
ACNB,0.125495246
CSSE,0.636567569
CSSEP,0.770080612
FGBI,0.257934206
CBAN,0.642478639
PCB,0.584421653
NETE,0.266139116
MARA,0.844777299
BTBT,0.693401141
OM,0.084215006
CRAWA,0.698931642
OMER,0.1784559
NCMI,0.718500058
LMND,0.391020261
FONR,0.470965179
FDUS,0.536828492
ARTNA,0.51005027
PROM,0.693888837
NOTV,0.732946098
KIDS,0.22959997
JNCE,0.966773431
CCAP,0.250392812
IFMK,0.456605854
CHMG,0.275960919
EGY,0.93255646
ACRE,0.455324094
ADES,0.60920196
IDEX,0.259281282
KNDI,0.169827134
HRTX,0.045303575
MILE,0.424523561
MCBC,0.544066014
APIC,0.050022336
EOLS,0.055068915
EAR,0.248694752
HBMD,0.724481168
GENC,0.590089801
ASYS,0.226338864
PSNL,0.599134002
CVCY,0.173979947
BLI,0.942557112
CCB,0.996114363
DCPH,0.979799375
CMCT,0.68711663
CMCTP,0.034172189
CHCT,0.927877184
HYMCW,0.85934028
PCTI,0.425891102
DERM,0.685726184
PFLT,0.008004116
ADMS,0.750048605
DCBO,0.52594531
LTRX,0.911651225
LIND,0.211072738
NATH,0.743600156
BCML,0.104289914
CRWS,0.338158055
PNNT,0.894795621
MNKD,0.704359541
PATI,0.657532738
CDMOP,0.934385491
EGAN,0.881662529
GPP,0.771581706
CYBE,0.371007672
PLIN,0.147807764
FNLC,0.527010752
CALL,0.976978445
FHRT,0.649424151
OGI,0.447732149
FMAO,0.864269252
CSQ,0.278792847
AJX,0.344212479
OLK,0.646286706
LFMD,0.003921586
JMBA,0.825933632
CSTL,0.653279324
GAIA,0.324118297
IO,0.400059144
DSWL,0.079868108
COFS,0.292001256
KRP,0.691961314
CNXR,0.642242639
NGM,0.096235571
JYNT,0.583291516
CVLY,0.683097289
CVU,0.835350432
PKBK,0.963194831
CSWC,0.094936019
PFHD,0.091384716
BDSX,0.086790027
PFBI,0.613566352
ASPU,0.324227879
AYTU,0.174183132
MRTX,0.49559822
LCNB,0.989951752
HWBK,0.979034025
IVAC,0.547576814
FCCY,0.876252609
ESPR,0.15922127
FCEL,0.811006277
LUNA,0.649688794
AUPH,0.044212363
CGRN,0.731745872
PDLB,0.981489215
ASUR,0.039425057
PNRG,0.978918287
AUTO,0.687275185
IMH,0.030960823
INTT,0.840156409
GAIN,0.703921205
ITCI,0.901976041
MAGS,0.793894686
HCDI,0.851608002
LJPC,0.536123565
FUNC,0.521993596
CAFD,0.983778932
LOCMQ,0.881436363
ISTR,0.189159406
OSG,0.843331552
KFS,0.608973959
PEBK,0.656113528
ADMA,0.855441369
OPTN,0.000776912
KAVL,0.261398076
FNWB,0.792702098
BFI,0.143991259
BWFG,0.395019549
OEG,0.040899139
MSON,0.45155661
NWFL,0.485909985
CLLS,0.247715588
OPBK,0.691968216
ESEA,0.514316052
LAND,0.077899842
LANDO,0.473468996
FDBC,0.542928281
HROW,0.37557975
NOG,0.278919753
BUKS,0.515906524
LTRE,0.30412858
OMQS,0.670111536
CTMX,0.01586552
NSEC,0.180890025
FRAF,0.979171652
ATLO,0.791216141
BIOC,0.390525782
INOD,0.296085955
NUVR,0.626584293
FSBC,0.046574577
CWCO,0.018099453
LMRK,0.80694462
NH,0.448207416
CDXC,0.895155939
GLGI,0.047752757
CZWI,0.07391605
GEG,0.397972271
KYMR,0.501040273
FBIO,0.929817872
CWGL,0.519058714
JVA,0.453518249
FLMN,0.249312234
MNSB,0.907394484
MNSBP,0.974973816
OBCI,0.171430953
AIRG,0.852864376
ESXB,0.629191951
AWX,0.481142749
LARK,0.282837887
GCBC,0.097346941
CFBK,0.346470237
OSW,0.972498366
DMLP,0.921455511
LANDM,0.844050299
NAUH,0.853351562
PVBC,0.790854511
ESSA,0.304667457
MSLP,0.281981965
NEN,0.188856356
ICBK,0.094468034
NHTC,0.985144763
AXAS,0.963587184
INBP,0.949095504
FSP,0.293304948
APEN,0.77611047
FVCB,0.084023676
BPRN,0.045227103
CTO,0.284893871
ICCH,0.765599388
ARL,0.336090906
ICD,0.860371616
ALIM,0.590590579
BOCH,0.717924754
ABR,0.835961675
OSS,0.899299196
FCCO,0.664761772
CYTK,0.791829365
JCTCF,0.420133749
CALB,0.181817633
OPRX,0.511771656
PMBC,0.580299259
OCC,0.911751391
CHY,0.853151259
BBIO,0.072532379
GTYH,0.728030564
CRON,0.607716175
NTIC,0.238245647
IPW,0.041124067
BOMH,0.6611201
FNCB,0.895321229
NTWK,0.242545107
OVLY,0.788685226
COSM,0.276994923
FATE,0.573487022
AEY,0.990593383
ESQ,0.187092016
IQST,0.887000536
LIVX,0.869011683
GVP,0.57584866
ASRV,0.355572573
GLAD,0.189629563
BLZE,0.299241568
BLUE,0.24382485
PBFS,0.008727064
MCHX,0.006974202
MRCC,0.496118544
FEIM,0.655801637
HRZN,0.939930525
MDIA,0.583543507
OPOF,0.272593159
FBIOP,0.316161827
LMRKO,0.313662425
PFIN,0.574255989
CHI,0.41901899
NGMS,0.19862973
CBFV,0.727669486
OVBC,0.812418235
CPHC,0.517842193
NAKD,0.050453365
MBCN,0.52059493
AKYA,0.231851112
PLBC,0.793440318
PCSB,0.171096918
LEAT,0.472479651
FAT,0.476598345
FATBP,0.59155534
IRIX,0.72018482
ITMR,0.164763248
BFIN,0.827311501
LMST,0.493530656
PTRS,0.958966806
IVFH,0.919951078
MATR,0.193409207
BOMN,0.259629616
NKSH,0.677172619
CLSK,0.993547419
IPHA,0.609480579
DJCO,0.467200234
FREVS,0.452614226
AZYO,0.089510506
CSPI,0.110828244
OSMT,0.726015392
CVAC,0.185253591
EDRY,0.995027966
ARCW,0.988159091
BSVN,0.372441204
FFNW,0.068856911
GBNH,0.518891598
DYNT,0.994783273
PKE,0.651677399
HMNF,0.981571657
ALPP,0.310301323
GNSS,0.403371884
AQST,0.419121948
MRAM,0.93188286
NOIZ,0.848044201
GRTS,0.849552253
ELYS,0.439963857
AXR,0.399818836
CNET,0.020992933
CDTX,0.690965536
GURE,0.945642503
FTK,0.968552713
CWBC,0.49906107
EDAP,0.150633657
CURI,0.664558809
NEWA,0.195699481
KOPN,0.175057476
NICK,0.803489022
GB,0.030126932
GFED,0.445769884
DPSI,0.415355787
LUNG,0.60160741
CSBR,0.915030796
CTSO,0.270097351
CIZN,0.306736016
AGIO,0.073626411
BHAT,0.881020458
OPNT,0.954944042
OFS,0.484993628
CORR,0.457209066
MRUS,0.41178817
CIDM,0.48970977
DYSL,0.178073291
BKTI,0.209118075
PAOS,0.131635327
APYX,0.58671956
AIRI,0.564318883
FXNC,0.051818512
MMMB,0.745262132
KRUS,0.143049957
ATAX,0.80170146
BSQR,0.92924455
GTHX,0.958004752
BYRN,0.524604783
EFTR,0.744882892
GWRS,0.879712601
MBII,0.445010975
DM,0.784441344
ENG,0.136678952
CDOR,0.725836814
AFMD,0.348668361
IVTY,0.14197733
NECB,0.662763679
MICT,0.997596638
EEX,0.938162618
INUV,0.605498708
CBAT,0.259731962
KWBT,0.894412699
CUBI,0.496695506
PBHC,0.612944337
OCSI,0.923082198
PDEX,0.904214282
CTHR,0.73366681
AGFY,0.884891214
OCUL,0.724928912
DVD,0.059321361
JAN,0.553683207
FUSB,0.483398445
IRMD,0.757288429
ALLO,0.75877098
LPTH,0.725407268
CLXT,0.275770542
CPIX,0.416907824
FCAP,0.678976305
INDT,0.606136919
CORI,0.774069814
INS,0.505730383
MDLQ,0.482890732
MDLX,0.794960069
MDLY,0.174800853
FORD,0.527062599
MREO,0.814394973
ICAD,0.976008983
IMMR,0.798723085
PROV,0.510062822
CTRM,0.056534591
ELMD,0.783358988
CEMI,0.323809788
OXSQ,0.974784729
IDYA,0.043567691
BIOL,0.085775574
JRJC,0.028452318
MEIP,0.355113361
NEPT,0.917507883
CYAN,0.835374184
EMCF,0.771117449
MOGO,0.418834128
EPSN,0.978713206
CCXI,0.990695819
EPZM,0.515704824
FIXX,0.206084346
CCCC,0.232337955
CYRN,0.697847537
PRPH,0.70709152
ELTK,0.478036771
AHPI,0.610320798
HYRE,0.326393732
KXIN,0.778063653
IDXG,0.989501433
GMBL,0.387575753
EPM,0.338001963
INTG,0.493640682
EYPT,0.422153486
PFX,0.961908312
PSTL,0.940377411
LHDX,0.492229895
NNUTU,0.05376477
IEHC,0.009670441
MASS,0.54267793
HTM,0.43388324
CLDB,0.910277917
HNNA,0.034252775
IMTX,0.75001385
LNSR,0.866558875
DPW,0.995455683
HCTI,0.464264546
CHCI,0.280369712
DLPN,0.909369991
GSIT,0.289306435
ORGS,0.424081957
FCRD,0.074517243
GWGH,0.057458769
PACV,0.805762253
IMCC,0.314204207
AFBI,0.715676337
CLRO,0.044790944
MMMM,0.696645764
PHX,0.837208206
HGSH,0.73996704
AUBN,0.512198913
CVR,0.722065208
ACTG,0.960140587
CCEL,0.61024154
HVBC,0.754367168
NRIX,0.202755918
LGL,0.57767496
GLBS,0.621066776
KMPH,0.282854813
CETX,0.338455273
CETXP,0.961188274
BRQS,0.837379983
HGBL,0.233401763
BFRA,0.988099685
PFXNL,0.891039016
PAYS,0.924302049
ESP,0.796020394
ISUN,0.598658179
EVOL,0.507355919
MGYR,0.835348402
IMCR,0.017138587
PNBK,0.168136949
PSHG,0.465905042
CTIB,0.664628895
HARP,0.900103613
NTLA,0.984848277
CAGU,0.002666187
PBIP,0.453581353
IROQ,0.074415699
NVEC,0.772727914
AFCG,0.667523658
FLUX,0.089659735
BWAY,0.496958693
ICMB,0.331389813
MNDO,0.093492307
AEI,0.227378398
IZEA,0.339606754
OPXS,0.456986408
CASI,0.013136872
MRIN,0.151802836
MIND,0.831637666
MINDP,0.016647428
EDTK,0.631222975
AVEO,0.164484119
EMAN,0.880327284
CARV,0.750981141
LSYN,0.323095018
OBSV,0.371452684
MDWD,0.587372336
PIRS,0.030127682
GECC,0.623346313
ALPN,0.343751349
EDIT,0.672113877
PPHI,0.852788125
DAIO,0.057661978
ESBK,0.340829287
PTGX,0.100722033
DMRC,0.846579187
MTEM,0.260929072
DYNR,0.241027898
FTEK,0.758052976
FREQ,0.310483349
MLVF,0.333494308
LSBK,0.545403815
PFIE,0.822708277
EMMA,0.15439559
JCS,0.40489885
AEYE,0.229481881
PIXY,0.793543091
CXDO,0.02142822
ARTW,0.005219126
ISSC,0.745744607
NTIP,0.980741225
FZMD,0.870725991
FRPH,0.593872741
DWSN,0.085633599
LUVU,0.490188656
PMD,0.318235257
GBOX,0.664528627
MPAD,0.186059938
NBRV,0.593846541
LAZR,0.657987314
ANPC,0.905268856
GROW,0.144578278
BKSC,0.557760651
KRMD,0.312352426
EZGO,0.327965586
CODA,0.444518552
ARVN,0.152636925
HFBL,0.627630503
CVSI,0.196848368
MAYS,0.116113176
MGTX,0.316423068
CPSH,0.069031172
PCYG,0.046455222
BYFC,0.296590535
AEHR,0.665452736
PPSI,0.996823036
NANX,0.04331673
GREE,0.16047028
PARF,0.829169183
ANTE,0.674622758
FNGR,0.951182477
ISIG,0.301787038
HOOK,0.406487288
BSBK,0.669298829
PBSV,0.917338499
ISDR,0.988147894
HQI,0.696617734
AMMX,0.808146749
CGEM,0.328833102
BKU,0.200084213
AC,0.43064295
KOSS,0.395037887
IPA,0.684790119
BRN,0.195727057
NRTHF,0.191049372
FULC,0.9795996
KERN,0.25716534
LTCH,0.784103678
MICR,0.657206747
CREX,0.242379484
CNNB,0.806059367
PRED,0.486323633
LABP,0.23484697
MDVL,0.476125568
OYST,0.247233546
CTEK,0.495070831
CHUC,0.15124333
AMS,0.057454975
CLWT,0.875292332
ICCC,0.691270129
HRT,0.801752769
BANX,0.517914726
BCOW,0.44179956
PCYO,0.487427588
FDMT,0.687633328
CDAK,0.695661561
NGS,0.329397776
DRIO,0.150996386
CHW,0.47426249
OFED,0.430318145
ALYE,0.880039559
AWRE,0.767052935
CNEY,0.245937637
LIQT,0.648712533
MORF,0.229019845
BDR,0.064337651
MIRM,0.62773456
CLGN,0.359690829
FSEA,0.309914962
CLPT,0.540722901
BNGO,0.280230938
IDN,0.782617936
OCCI,0.447423154
OCCIO,0.974065478
IAIC,0.154614958
AFIB,0.449081305
BLNK,0.141753282
FALC,0.327733182
MRNS,0.354683497
CIK,0.64980682
KZIA,0.490357856
AGLE,0.407446239
PROG,0.724570203
MIST,0.174794987
KBSF,0.169695118
CVV,0.843827595
ETON,0.770607896
POLA,0.954364176
INPX,0.15137247
IKNX,0.023540985
BRRE,0.260386185
GLBZ,0.907649369
CPFH,0.536620911
PAYD,0.008466947
IFBD,0.03742039
CLVR,0.394721223
BIMI,0.314228856
MARK,0.266870063
DSS,0.333142183
GBNY,0.036038914
CDTI,0.622140578
ANVV,0.129946964
GP,0.062285178
INLB,0.659607984
OBAS,0.141112663
IMAC,0.806089167
PBYA,0.930053519
HCMC,0.25631536
NVFY,0.675306248
ESNC,0.702535479
JSDA,0.359811873
MDWT,0.725861084
ORPH,0.375658489
NROM,0.00963419
GIGA,0.843089076
PRKA,0.759359497
AGHC,0.168880865
ATRA,0.402356828
HHER,0.333658594
OCCIP,0.718733863
CULL,0.275914805
BMTM,0.602828104
FTFT,0.25573353
ADMP,0.85558752
DTST,0.518373916
CCNC,0.510358199
DTGI,0.477233509
DPDW,0.985487904
BTN,0.023506082
IONI,0.885909155
ARAV,0.701359065
PTE,0.014410846
BLIN,0.862397269
COMS,0.024865902
PTPI,0.384553609
AXDX,0.360193503
JZXN,0.224173058
ENSV,0.296161083
EAST,0.976842546
MDRR,0.084394203
MDRRP,0.184098435
FFBW,0.815927154
BCYC,0.791550653
MLSS,0.461976259
MKTY,0.494818161
EFOI,0.997742742
MFON,0.193814397
MYO,0.592722594
ACY,0.321109735
APVO,0.687966327
BMNM,0.741059379
ARDX,0.928348688
MLP,0.80663643
KALA,0.439417634
ALBO,0.822972245
PRTC,0.441895239
OLB,0.302308674
PHAS,0.776315774
DGLY,0.946899282
CRIS,0.428125383
AVGR,0.750428237
MEEC,0.919793749
KFFB,0.80128355
LQDA,0.584065278
NXTD,0.936311309
ABUS,0.464481087
Mark,0.443029558
INRD,0.160307208
PEYE,0.304399575
ISR,0.697217068
PLRX,0.772360597
NEPH,0.816466637
KTEL,0.641425104
MSGM,0.872366044
CALA,0.565995982
MESO,0.978177069
BHTG,0.667153798
OBLG,0.513773152
ACET,0.83677954
FLES,0.516675872
HOFV,0.735721545
MEDS,0.024906674
EKSO,0.589830368
HEWA,0.84219663
NVOS,0.819279907
IKNA,0.327382719
DMTK,0.539456863
APDN,0.201057562
AUVI,0.437816606
ASTS,0.781780057
DRRX,0.881883697
ARCT,0.861817095
EIGR,0.537448616
ESMC,0.057232943
ESPI,0.890925127
CBMB,0.775474614
OXBR,0.361604466
HTGM,0.696191969
PROF,0.190084072
GRIL,0.557920246
POTN,0.82606537
PRPO,0.281641588
AIHS,0.851282191
DUOT,0.717363703
NUWE,0.380894925
OPHC,0.958857774
FSTX,0.363661483
NURO,0.640469331
ELSE,0.640464735
ECIA,0.306493792
CLDX,0.852062861
CLNH,0.44209537
CGEN,0.505278629
NBY,0.151244585
PGAS,0.824617596
MSVB,0.554297082
AKTS,0.803062534
LINK,0.902074734
BEEM,0.01147969
KNSA,0.068043754
AANC,0.826442617
ADVM,0.379163976
BBIG,0.644245866
MSN,0.739667315
MDIT,0.89112992
PHOT,0.980773623
BMRA,0.146665102
ASMB,0.050281275
PHUN,0.863244115
IMCI,0.221741402
INTZ,0.060054391
OSAT,0.344749271
INBX,0.750394421
HCGS,0.255981515
CRVW,0.735207913
CBIO,0.741845905
GMGI,0.817064874
CIIX,0.604471899
ACRS,0.93382589
NMGX,0.274563839
CZFS,0.269561366
PFSI,0.420639911
NEON,0.147047009
CSCW,0.07884003
MHPC,0.016105986
PULM,0.014357622
GBPT,0.392491729
PLXP,0.806779653
GNUS,0.556304398
PSSR,0.394433923
LCTC,0.644397058
IBAL,0.225716752
INO,0.771396142
ISCO,0.123168067
AWH,0.780071154
FUND,0.680195122
COWI,0.581302718
ADAP,0.670349646
BLCM,0.908770784
GRSO,0.464288171
CANN,0.619874688
ATHX,0.217773476
EEIQ,0.901010412
EMPR,0.724029843
EYEN,0.401675458
APPH,0.737138964
ACFN,0.07875659
IPDN,0.477956478
GNFT,0.57454986
PFHO,0.489947036
AMIH,0.29827512
FGCO,0.825934086
BTB,0.86255929
LOAN,0.605404612
GIGM,0.004449913
IVA,0.86228348
AUMN,0.623856841
NDVN,0.871615678
HWKE,0.21776202
CUE,0.168855052
BLBX,0.167694561
MOSY,0.567454102
FCHS,0.615555577
ONCT,0.007604163
AGMH,0.427772149
BYOC,0.418609634
BKYI,0.977899437
DBGI,0.916389548
DBVT,0.57603906
GLYE,0.812275888
GTCH,0.090678001
PLAG,0.663599876
MOBQ,0.959584947
NNDM,0.906242262
ANY,0.971556926
FGF,0.902837034
IHT,0.703676267
LVTX,0.112432812
ECOR,0.553084775
EVFM,0.443124446
JAGX,0.695539031
GHSI,0.143531537
EVLV,0.613194571
IWSY,0.80661599
ABSI,0.818130557
LEDS,0.190868581
NOVC,0.297725635
ADXN,0.816006084
OCX,0.734543822
CLEU,0.625010016
LRDC,0.78483652
EFR,0.324522686
BLPG,0.916473722
ADN,0.568040766
CCUR,0.257729847
CPTP,0.391205238
NVVE,0.258600427
ATHE,0.360333931
PCYN,0.753109623
AMTY,0.020728479
OPGN,0.560817653
BWMG,0.156291474
FUV,0.222863462
AEZS,0.805259836
ERYP,0.264257029
MNOV,0.217464629
ALGS,0.748737853
PURE,0.443852928
LOGC,0.442602696
CLSD,0.648397724
IMMP,0.291062798
CGO,0.391061712
OCLN,0.773360286
BANT,0.650887544
MFCO,0.288022264
NDMT,0.640351541
BRGO,0.320885936
MGHL,0.394851993
HPTO,0.805371788
BRFH,0.478302947
MMND,0.211327201
CYCN,0.06372393
ACRX,0.61772232
ALT,0.133343076
AMPG,0.024485636
ASND,0.450624994
DIRV,0.113316975
DFCO,0.594988252
NOVN,0.249299991
AYLA,0.986521837
AGRX,0.914743669
NSPR,0.657918196
ADMT,0.674280188
ADXS,0.017173048
AREC,0.468024653
GAXY,0.379101495
CBKM,0.333940106
NWPP,0.27025504
CRTD,0.188104952
CMRX,0.227354351
CHMA,0.203445813
AESE,0.068495761
ABEO,0.236460434
NBIO,0.316195907
EQC,0.837787356
HLWD,0.169206739
MDGS,0.430995606
ICNB,0.625753773
ANGN,0.369149395
ADOM,0.665965876
MXC,0.967285956
FTXP,0.95730172
ABMC,0.798529527
KANP,0.711614551
GYRO,0.463881948
CLCN,0.175671621
ORMP,0.193595009
LBUY,0.454529346
AYRO,0.75092586
IDBA,0.86386263
MCCX,0.668465618
PCTL,0.303407814
KBNT,0.133201339
PTOI,0.907564846
BLGO,0.137654414
DREM,0.63053321
AUTL,0.700957597
GRNQ,0.524522778
KRED,0.745715234
ONDS,0.246990042
GIGL,0.606245451
DYAI,0.362381335
IVDA,0.664585215
NBTX,0.541440431
ACUR,0.087206277
MVIS,0.822984524
IOTC,0.889003525
NVCN,0.397489214
LGVN,0.337796604
PRQR,0.348710373
BABB,0.930433484
DIGP,0.971277099
PFTI,0.136833684
HTBX,0.420469324
NCRA,0.723848393
LIFE,0.535438807
DLTI,0.169540369
PHCF,0.550397781
AASP,0.305392973
KDMN,0.559739272
HDII,0.661440772
FULO,0.99984708
GBS,0.923801027
DCTH,0.983333052
FRZT,0.716104769
OXBRW,0.42117448
INFI,0.611336643
IKT,0.083985395
BRVO,0.358741514
NWYU,0.846528034
HMMR,0.72566048
AMRR,0.703470257
ADAG,0.256378427
NUZE,0.328530403
MOJO,0.683131808
LCTX,0.652631615
CVAT,0.55812216
FCUV,0.86522912
JUPW,0.103998101
CANB,0.204183145
GNCA,0.268301835
ACAN,0.987581991
HXBM,0.382087434
EWLU,0.700264606
CRBP,0.723340298
ELST,0.42800666
ANDR,0.91819665
PHCG,0.34088053
PBIO,0.111442535
AMMJ,0.041839224
HCYT,0.188142748
HSTO,0.757043384
LPTX,0.308947225
BTDG,0.70622044
AVCO,0.965518505
GNAL,0.609131916
ABCE,0.373500436
ODII,0.914145386
NTRB,0.100625591
BBRW,0.480435213
AMNL,0.038215099
OPTT,0.232273369
INVO,0.697829905
GLYC,0.614595908
IMTE,0.699650712
CICN,0.711819875
EVOK,0.096078883
GLTC,0.603161688
PGCG,0.421357577
POAI,0.699412518
APM,0.31841193
KDNY,0.524245338
GTXO,0.527054883
ORTX,0.35146311
AREB,0.690504777
GEVO,0.870497438
AMPE,0.733740542
CYTH,0.431783053
ABQQ,0.331302788
KAYS,0.581641869
MIXX,0.298242002
ISGN,0.69289777
AGE,0.2576709
BRMT,0.559135151
KOAN,0.307866512
ARET,0.795848186
NAOV,0.730446197
APTX,0.249654769
COCP,0.537336958
EOSE,0.203491149
FHTX,0.462076208
LQMT,0.61192301
OMEX,0.427641533
EVGN,0.635195229
NWBO,0.835356639
AURX,0.759549752
ACIU,0.900412894
AEMD,0.22410352
MTC,0.160065561
ACER,0.052817971
MFH,0.249611812
APPB,0.094266167
BYSI,0.603296716
KLDO,0.020069631
AMAZ,0.373507107
FUSN,0.827505957
CBNT,0.887811799
DTSS,0.156000464
GKIT,0.631391138
GLFH,0.476807115
INND,0.324810797
AQB,0.333343663
HGEN,0.900530405
ATEX,0.691259426
BTCS,0.164720076
GAHC,0.249743631
BXRX,0.208805336
BSTN,0.421932127
HUSA,0.351787112
FTWS,0.586592106
LEXX,0.584947175
IPWR,0.91245774
LMFA,0.749942697
DLYT,0.421158494
AMST,0.940283179
MOXC,0.492089946
FIND,0.284833499
CETY,0.174839706
PRVB,0.584843476
MJNE,0.350361211
PETZ,0.463646949
BRSF,0.455854682
CUEN,0.218126421
NLBS,0.257047175
ENTX,0.199121678
HBUV,0.825548748
CNFN,0.467759925
ACBM,0.427341904
FXC,0.182843232
OCUP,0.624198291
AEGG,0.593573533
MTP,0.977680534
PLSE,0.268044338
CNCE,0.152146415
GSPH,0.265363519
DCLT,0.968088648
MARPS,0.572199259
CDZI,0.295188777
ASTI,0.207993221
FFLO,0.204047126
HFUS,0.891741809
ELRA,0.564722052
CLIR,0.822580197
CLNN,0.0998857
ARDS,0.304686083
FSSN,0.137341538
KITL,0.820706193
HITC,0.070381496
OBMP,0.564733306
ACCA,0.755079676
CRYO,0.675399046
ANIX,0.695078995
AGTC,0.929361559
CLSN,0.938075744
LXRX,0.180755609
DBRM,0.672666427
GOVX,0.691563541
ABVC,0.663415528
HSDT,0.400539867
APCX,0.918471618
BSGM,0.903399331
BCAB,0.393667028
IBRX,0.894559898
LMNL,0.476125233
FDOC,0.458422984
GERN,0.030416454
BRTI,0.034065591
ATOM,0.777422598
PNAT,0.321025074
GXXM,0.604451729
ASTC,0.530809998
CUBA,0.707340611
CHCR,0.593892767
GCEH,0.672370981
GRCL,0.694375417
GNBT,0.539960046
IGEN,0.439011197
OPVS,0.016845394
CRDF,0.44611398
AMCT,0.588097623
BBI,0.574303521
ARBE,0.844559057
MOTS,0.840495483
BSPM,0.358908016
PSWW,0.283068189
CAPR,0.594623406
GBR,0.110819464
PQEFF,0.294643276
EQOS,0.748964034
CKPT,0.92230561
EWLL,0.477371074
CCGN,0.425571187
AFTM,0.927448336
HRGG,0.405710488
ATMS,0.579392729
NMTC,0.847590701
MCOA,0.43900685
CMGO,0.569280297
BXNG,0.584852717
NAVB,0.144056103
ONTX,0.300841774
BIXT,0.896810128
BTLN,0.542582875
IVDN,0.040079975
AAGH,0.401381206
PAVM,0.633583797
ACST,0.415354753
FDCT,0.647890192
BCDA,0.692401987
CRMD,0.320454361
ALKM,0.115803588
ATRX,0.098098211
OTIC,0.233539898
AERG,0.585960029
FENC,0.834645974
PUBC,0.212212201
INQD,0.507585586
GMRE,0.334409756
NHLE,0.80771382
ANAV,0.808281144
GYST,0.737632319
DNAX,0.826874585
DLCR,0.275986941
ANTH,0.99258792
ETST,0.004612431
EBET,0.458715108
AUSI,0.569921958
AJIA,0.87478506
HPGN,0.462564101
IWAL,0.252907083
MNVN,0.277458305
ENDV,0.412317521
AIM,0.182533382
ECYT,0.328337596
IFXY,0.43966264
ADGO,0.946857838
GENE,0.835975833
MTNB,0.07242746
CYBF,0.151322594
IMUN,0.982991868
EVTN,0.958592527
ABMT,0.161741266
BMXC,0.690748209
FXB,0.476342998
BBLS,0.000977634
DBMM,0.250930906
KROS,0.545159305
ESSI,0.012707419
GANX,0.995571051
LILM,0.822768835
OPT,0.942116108
ETBI,0.581542425
ETCK,0.884152418
MYSZ,0.104345268
EMPM,0.762876999
PLFX,0.045704629
LCLP,0.688278254
FXA,0.277311373
OWPC,0.018663464
BTIM,0.037461951
FRLI,0.559532158
NPHC,0.509860066
AMCI,0.825715146
BOXS,0.473730407
HMG,0.716766624
PRLX,0.292838243
BICX,0.493899675
PRKR,0.963789631
MFST,0.987510557
CMXC,0.905326292
LVVV,0.068191043
OZSC,0.890579145
GLUC,0.919062413
BRTX,0.061347106
LPCN,0.586944304
BOTY,0.127053856
NGEY,0.518115252
DPWW,0.472523035
NINK,0.01848171
CZNI,0.411667731
LUMO,0.18376367
PUGE,0.392106769
MSSV,0.129252617
AXIM,0.217974738
NBGV,0.457002125
AOXY,0.552157537
MRSN,0.619011858
FPVD,0.365847666
ALPC,0.030986695
GRPX,0.67791364
CELZ,0.611199866
ARNA,0.86852087
FXSG,0.046551046
LOGQ,0.140490664
FGNV,0.392169534
LOGX,0.542823812
DSGN,0.069142369
GMER,0.419408369
MAGE,0.886553898
NTRR,0.643980019
CWS,0.073551174
INMB,0.594355138
BASA,0.929246405
BEAM,0.834293542
MSRT,0.186292792
MTST,0.154697961
ALTX,0.119643409
IPIX,0.468985848
NIMU,0.007001451
PHIL,0.246600646
AHFD,0.498647744
BDPT,0.022678802
PLSI,0.984590333
ALF,0.580890095
BFNH,0.354828485
NSAV,0.148636546
MYHI,0.59042463
ENCR,0.1093361
DTII,0.626883486
PETV,0.517417179
BIEI,0.224828249
BLIS,0.755708377
LYRA,0.445803579
ARST,0.474682984
ASCK,0.839418626
CYCA,0.579787918
EYEG,0.727538634
BSSP,0.990485254
MRGE,0.514339054
DLOC,0.359627733
NEIK,0.825202908
KNIT,0.350538184
GWSN,0.554471589
ARTH,0.788378943
BTHE,0.249995178
CLOW,0.105810249
MTWD,0.517996003
INCT,0.26476864
AKOM,0.822956966
CRWE,0.423120448
ARGC,0.350444082
BNET,0.559723562
ALDS,0.071245359
LTDH,0.632786344
GWTI,0.697115802
AFOM,0.751807464
FXCH,0.407703989
CNBX,0.523521863
MAXD,0.806579483
BUUZ,0.314482383
GMVP,0.448930482
NHMD,0.661575681
AGTK,0.237334754
BLNC,0.023856736
CLEV,0.206160485
ENCC,0.447669336
MITI,0.066041244
MDXL,0.789507507
LVBX,0.051098699
CGLO,0.057589164
ILAL,0.025474853
FRTG,0.574854378
NHEL,0.336072705
APSI,0.359408033
MDEX,0.741060885
NVNT,0.516118282
ALTD,0.342360934
GTII,0.703708673
CNNC,0.226959607
LFAP,0.299242562
EDSA,0.315751824
APYP,0.32096383
NAFS,0.411007292
APTY,0.945491375
EPGG,0.803973065
HUSN,0.306829672
AUUD,0.997991968
AAMC,0.315649755
ABIO,0.433531799
ABML,0.751214274
ABVN,0.422229479
ABWN,0.403709816
ACEV,0.616396734
ACHL,0.298392679
ACHV,0.300229175
ADGI,0.566439263
ADIL,0.781788241
ADTX,0.880318503
AGBA,0.270076562
AGC,0.92463625
AGTX,0.672820298
AHPAU,0.083699852
AIKI,0.409881216
AIKO,0.543606237
AKRO,0.383917933
AKTX,0.076280085
AKUS,0.230363211
ALAC,0.907254798
ALDA,0.82371854
ALDX,0.217759378
ALLK,0.78164141
ALNA,0.151419674
ALPE,0.498251821
ALRN,0.650752319
ALTU,0.496084149
ALVR,0.679818867
ALXO,0.533989801
AMBS,0.040529826
AMHC,0.190247048
AMSU,0.986241563
AMTI,0.521832347
ANEB,0.170143386
ANNX,0.271771274
ANSU,0.53624203
AOIX,0.578048449
APLT,0.645500127
APOP,0.664770255
APRE,0.784618481
APTO,0.758125692
AQMS,0.996384957
ARAO,0.6221299
ARAT,0.374731919
ARBG,0.649838681
ARQT,0.647654672
ARRW,0.185734667
ARTL,0.649218445
ARVL,0.447646338
ARYD,0.668123293
ASDN,0.153649947
ASFT,0.600818577
ASKH,0.599668999
ASLN,0.183443789
ASNB,0.349964838
ASPC,0.387721922
ATHA,0.859937362
ATHN,0.790887814
ATIN,0.425529231
ATNF,0.053542141
ATNM,0.097594806
ATOS,0.598493444
ATVC,0.905391124
ATXI,0.423493395
AURC,0.92002637
AVDL,0.64961066
AVOI,0.285217264
AVRN,0.065836983
AVRO,0.283370471
AVXL,0.150589244
AXLA,0.705719797
AXSM,0.732679487
AZRX,0.443793518
BBLG,0.885114506
BCAC,0.040259694
BCACU,0.815855808
BCEL,0.362849357
BCLI,0.832235044
BCTX,0.279201798
BCYP,0.0503893
BDTX,0.679474752
BENE,0.619875386
BHSE,0.772669066
BIIO,0.563119735
BIVI,0.042774843
BKUH,0.601793943
BLPH,0.118581926
BLYQ,0.805013592
BOLT,0.610278766
BOTH,0.105686168
BPTH,0.481015342
BPTS,0.844656408
BRLI,0.35690051
BRPM,0.102670613
BSTG,0.515905312
BTAI,0.964834887
BTX,0.775494304
BUDZ,0.647835178
BVXV,0.164395395
CABA,0.217372822
CAHC,0.553077492
CBAY,0.36792673
CELC,0.344347863
CERE,0.964915874
CFFE,0.810673636
CFIV,0.509652745
CFRX,0.387055689
CFV,0.622719212
CFVI,0.249062951
CHEK,0.970353345
CHJI,0.67594648
CHNR,0.345885272
CHPM,0.705373192
CLBS,0.444800586
CLRB,0.592340435
CLRM,0.266070782
CMPI,0.433566269
CMPS,0.411236781
CNSP,0.813863289
CNTA,0.215722366
COGT,0.179396293
COLI,0.473989664
CONX,0.461113136
COOL,0.731778422
CPMD,0.170133098
CPWR,0.836955645
CREG,0.887524266
CRKN,0.67046323
CRNX,0.37723666
CRTG,0.20670549
CRTX,0.711291899
CRVS,0.728926085
CTAQ,0.394132011
CTBO,0.934776541
CTDT,0.070587042
CTIC,0.76382085
CTXR,0.833844747
CWBR,0.578104359
CXUS,0.163798483
CYAD,0.177253775
CYCC,0.721160354
CYCCP,0.347032831
CYN,0.053633292
CYT,0.571101664
DARE,0.894272049
DAWN,0.120379014
DBDR,0.999144245
DBTX,0.522613894
DEVV,0.539525971
DFFN,0.519287815
DFPH,0.515865759
DHBC,0.520944659
DLCA,0.180012596
DMAC,0.424310925
DPLS,0.275144007
DSAC,0.751634809
DTOC,0.220564437
DUNE,0.064234916
DVLP,0.062234024
DYN,0.444428749
EAC,0.778253889
ELDN,0.186206507
ELEV,0.827306185
ELOX,0.924347919
EMAX,0.38177101
ENFA,0.692273919
ENLV,0.796538917
ENNV,0.609093317
ENOB,0.671822673
ENVB,0.743071773
ENVI,0.788811696
EPIX,0.512088072
EQ,0.26050187
EQUR,0.318702834
ERES,0.494369669
ESSC,0.276162743
ETAC,0.186739256
ETNB,0.632387422
ETNI,0.035858397
ETTX,0.432217037
EVLO,0.853053265
EYES,0.857867171
FBRX,0.713282188
FCCN,0.37526318
FNAM,0.809101876
FSII,0.694830021
FSRX,0.355244235
FSTJ,0.28128856
FTCV,0.556117997
FVAM,0.873343745
FWP,0.450678605
FXE,0.440903925
FXF,0.183065336
FXS,0.149332009
FXY,0.581048725
GALT,0.095055761
GBIO,0.448296258
GBLX,0.149564187
GBRG,0.571542426
GCAC,0.226924509
GGMC,0.203105745
GHAC,0.452742172
GIG,0.979216649
GLAQ,0.851407829
GLBL,0.11177984
GLMD,0.668328971
GLNS,0.224862062
GLSI,0.069858097
GLTO,0.44232725
GMDA,0.647997859
GMTX,0.690875473
GNPX,0.021113733
GNRS,0.440177193
GOEV,0.354010804
GOSS,0.35192387
GPAC,0.886227817
GRAY,0.624505232
GRCY,0.610650949
GRNF,0.868160745
GRPH,0.563090264
GRTX,0.235344087
GSAQ,0.254738254
GSEG,0.016996632
GSTX,0.506461701
GTBP,0.032907485
GTPA,0.832336776
GZCC,0.914868886
HAAC,0.233231546
HCAQ,0.243485337
HCAR,0.103337146
HCCC,0.850989216
HCIC,0.994750827
HCII,0.751600656
HEPA,0.470002959
HIII,0.281367939
HJLI,0.667856629
HLAH,0.706768989
HLXA,0.324910764
HMCO,0.470169131
HOTH,0.440834793
HSAQ,0.251743155
HSTC,0.214684329
HUGE,0.848697139
ICNN,0.49723847
IDRA,0.782223615
IFRX,0.268382204
IGAC,0.940417707
IGMS,0.399777818
IIII,0.659683608
IMII,0.257547766
IMNM,0.27595456
IMRA,0.880825257
IMUC,0.33274833
IMUX,0.749522445
IMV,0.602121319
IMVT,0.464228271
INM,0.102401808
INNO,0.473704796
INTI,0.648142424
INZY,0.832120432
IOVA,0.296701847
ISEE,0.199842546
ISLE,0.520554458
ITAC,0.839728372
ITQ,0.217972574
ITRM,0.682626446
JCIC,0.276447235
JFIL,0.86212174
JRVS,0.231595185
JYAC,0.957334536
KAIR,0.064300403
KALV,0.903297538
KDUS,0.476949206
KGNR,0.64698844
KMGH,0.979459372
KNTE,0.462862493
KOD,0.162465853
KRBP,0.067309672
KRON,0.528878599
KRTX,0.466461775
KRYS,0.727773901
KTRA,0.194617073
KURA,0.988322126
KZR,0.798075384
LACQ,0.936430563
LACQU,0.63142055
LATN,0.297151305
LATNU,0.373522825
LBSR,0.901691984
LITH,0.857466359
LIXT,0.515848567
LOOP,0.170588119
LORL,0.625847822
LRMR,0.108267453
LSAQ,0.591583141
LSMG,0.523411095
LTBR,0.808213108
LTRN,0.205913307
LTUM,0.034928385
LUXA,0.146767804
LWLG,0.133668851
MAAC,0.951813176
MACA,0.783119968
MACK,0.214732785
MACQ,0.21692233
MACQU,0.109380598
MACU,0.56865388
MBIO,0.50377158
MBOT,0.262678264
MBRX,0.812047164
MBTC,0.700477586
MCAD,0.957450443
MCMJ,0.286768957
MDGL,0.43784494
MDNA,0.148245222
MGTA,0.130195962
MITC,0.830109467
MITO,0.322063206
MLAC,0.21483256
MMEX,0.30277213
MNMD,0.083160116
MNPR,0.445329379
MODD,0.216994257
MON,0.973580213
MOTN,0.925526186
MOVE,0.864417475
MPACU,0.688946813
MRKR,0.548941862
MTAC,0.698129637
MTCR,0.684017422
MUDS,0.772726428
MUDSU,0.218372694
MXMG,0.05083747
MXSG,0.154508633
MYMD,0.613715948
NAAC,0.15424093
NBSE,0.832165725
NCNA,0.709276022
NCRE,0.795696089
NDRA,0.007565033
NERV,0.771793788
NEXI,0.47272835
NEXT,0.633977136
NKLA,0.214422372
NKTX,0.026554476
NLTX,0.775842429
NMEX,0.607826403
NMMC,0.30262782
NMRD,0.178648307
NMTR,0.002632541
NNOX,0.37291913
NOAC,0.022983306
NRBO,0.377151141
NUMD,0.783304338
NUVL,0.765047355
NVIV,0.023306806
NXEN,0.91717688
NXTC,0.804579583
NYMX,0.680365702
OCAX,0.341736632
OCGN,0.848701021
ODT,0.827703714
ODYY,0.039635419
OGEN,0.646595307
OHPA,0.358120553
OLMA,0.565283634
OMEG,0.372115817
OMIC,0.153670759
ONCR,0.621653613
ONCS,0.928427259
ONCY,0.623825204
ONVO,0.859972392
ORIC,0.690617099
OSTR,0.734748257
OTLK,0.657212118
OTRA,0.675579555
PACX,0.528598323
PAIC,0.906358064
PALI,0.565011011
PASG,0.153248937
PAVMW,0.328265765
PBLA,0.268732348
PCFP,0.121564789
PCSA,0.628596027
PCVX,0.126052833
PDSB,0.433470081
PGEC,0.089732744
PGID,0.654779055
PHAT,0.367289509
PHIO,0.939419207
PHVS,0.103432565
PKTX,0.643517662
PLL,0.854454546
PMCB,0.364307833
PMVP,0.590307691
PPBT,0.907253809
PPTA,0.520288928
PRAX,0.249375251
PRFX,0.682877923
PRLD,0.893011277
PRLE,0.406518798
PROP,0.816406386
PRTG,0.416096168
PSTI,0.625018837
PSTV,0.297592328
PSTX,0.69279014
PTAM,0.073703374
PTCO,0.764889064
PTIC,0.611174302
PTIX,0.546176911
PUCK,0.131187188
LRDG,0.208563042
DGTW,0.557580578
GFTX,0.043310554
LAAB,0.333782985
HLTY,0.303270983
ATMO,0.57449451
PTN,0.013359245
FGFPP,0.45045367
ADYX,0.276291184
CAPS,0.630264687
PLUG,0.321047125
CEI,0.218850046
INVZ,0.950147739
NYMTO,0.043273436
AIV,0.390112284
BEAT,0.202925251
AAAU,0.459726037
AACC,0.148467191
AACS,0.42235566
AAG,0.293178268
AAGC,0.899878839
AAI,0.126883884
AAPT,0.519195737
AASL,0.099357407
AAVL,0.785169856
AB,0.329599654
ABBB,0.495236252
ABBY,0.424791996
ABCO,0.566848371
ABCP,0.4384198
ABK,0.499862935
ABKI,0.867497905
ABL,0.254303462
ABS,0.930676748
ABTO,0.083838913
ABVA,0.537284372
ACFC,0.772092951
ACG,0.960472823
ACHN,0.573058185
ACMB,0.514237956
ACMC,0.714956607
ACNV,0.87935142
ACOM,0.162304846
ACQ,0.899477982
ACRB,0.53748566
ACRL,0.785122914
ACSI,0.515101359
ACTA,0.192884543
ACTV,0.666008281
ACV,0.99650128
ADFS,0.73982198
ADGL,0.147117857
ADK,0.021772469
ADTM,0.48693939
ADVC,0.063777667
AEA,0.965620804
AEDC,0.683211271
AEGY,0.708596574
AEXE,0.26681106
AFAM,0.680250439
AFAN,0.348669031
AFBG,0.361151629
AFCB,0.221206933
AFFY,0.185952648
AFMC,0.958339707
AFPW,0.449600234
AFSI,0.934577894
AGAC,0.810398758
AGGX,0.275920351
AGIN,0.042475083
AGL,0.033155789
AGM,0.358474341
AGSM,0.549399855
AGSO,0.252000253
AHAG,0.519737047
AHL,0.164780742
AHNR,0.788621847
AHPA,0.409767153
AI,0.009359083
AIOM,0.677387921
AIQ,0.429879978
AIVN,0.343288887
AIXN,0.978062237
AKPB,0.805530954
AKVA,0.882490441
ALAN,0.322443777
ALFA,0.538450324
ALI,0.06537606
ALIF,0.615651698
ALME,0.235868849
ALNC,0.311108787
ALOD,0.436666974
ALOG,0.76556343
ALRT,0.604538339
ALSE,0.548984807
ALST,0.502883642
ALTE,0.983879504
ALTH,0.411084494
ALTS,0.446993947
ALYI,0.703490379
AMGI,0.783969876
AMHCU,0.904017009
AMI,0.879549429
AMIN,0.552178125
AMLN,0.738296533
AMNC,0.817370827
AMNP,0.769942514
AMPI,0.879041212
AMSE,0.684161166
AMZGQ,0.358825995
ANAC,0.359493968
ANCB,0.839064729
ANCX,0.799583511
ANEN,0.656726662
ANGL,0.899265406
ANNO,0.251415782
ANOS,0.685336433
ANR,0.925037263
ANVS,0.943497897
AOC,0.357183921
AOIL,0.004912767
AOLS,0.128217664
APAC,0.199249899
APGI,0.344184049
APKT,0.173692974
APL,0.121686554
APLP,0.489946491
APPZ,0.582223644
ARB,0.758137867
ARCS,0.845534337
ARI,0.731759784
ARII,0.016186396
ARIS,0.33847972
ARMO,0.697971373
ARMP,0.113666587
ARNI,0.706452871
ARR,0.281983735
ARRT,0.810239904
ARS,0.585890139
ARTE,0.405234743
ARWD,0.029746088
ARYC,0.163949568
ASAM,0.241838866
ASB,0.84391402
ASCC,0.110566805
ASG,0.133782265
ASPW,0.013588379
ASPZ,0.649336837
ASSF,0.00068553
ASZP,0.643553427
ATAO,0.668417106
ATCH,0.691797654
ATEL,0.831212356
ATL,0.447052088
ATMR,0.096575723
ATVK,0.161395642
AURI,0.393357184
AURT,0.153537803
AUTR,0.149523701
AVDR,0.544741342
AVGG,0.354712541
AVIV,0.757690922
AVLP,0.92587256
AVNI,0.515102727
AVSR,0.684839553
AVXS,0.595251016
AWAW,0.446570923
AWAY,0.088786185
AXCG,0.764151882
AXRX,0.353127993
BABL,0.456109684
BALT,0.247265585
BANC,0.667498431
BAR,0.169172198
BBOX,0.433716801
BBU,0.284022477
BBVA,0.484827925
BCCI,0.932827691
BCI,0.915332844
BCTF,0.548480854
BDFH,0.911164221
BDMS,0.360512113
BEAG,0.490341134
BEBE,0.641576169
BEES,0.173175107
BEGI,0.851297855
BENH,0.133682815
BER,0.319826487
BERK,0.95341286
BFLD,0.848275416
BFLY,0.328346189
BGES,0.625086166
BGMD,0.594485796
BHACU,0.693589834
BHB,0.454858146
BHM,0.121274319
BICB,0.171071392
BIGG,0.905519494
BIOF,0.244945979
BIR,0.15477366
BITS,0.537635662
BIVV,0.477270537
BKC,0.565353065
BKFG,0.180968588
BKOR,0.988945828
BKRP,0.201073591
BKSH,0.279759192
BLAB,0.835362099
BLFR,0.780633836
BLGI,0.729597057
BLQN,0.330128687
BLSP,0.540920259
BLUU,0.59652764
BLXX,0.739607893
BMAQ,0.251686957
BMIX,0.935518262
BNE,0.900955279
BNO,0.778660133
BNTT,0.45841136
BNXR,0.770195432
BODY,0.563239017
BOH,0.4069912
BOLB,0.146725273
BONZ,0.372991339
BOPO,0.295921053
BPSR,0.041069647
BRBS,0.429965205
BRLL,0.824179667
BRNE,0.553568905
BRT,0.979152288
BSF,0.465351958
BSGC,0.707441884
BSKY,0.653830699
BSPK,0.35544396
BTC,0.828965711
BUFF,0.189592702
BVN,0.83754429
BVTK,0.858670029
BWC,0.310171572
BWP,0.753449154
BWPC,0.369140882
BXMT,0.427744542
BXS,0.069077334
BY,0.509433051
BYBK,0.942757502
BYIN,0.824722309
BZIC,0.702094988
CAA,0.683048627
CACH,0.867389561
CADE,0.53222893
CAFI,0.266457487
CAME,0.403615892
CANL,0.7798816
CANX,0.759853478
CAPC,0.212982892
CAPP,0.547357661
CAS,0.277640297
CASC,0.135303085
CATI,0.29400723
CATV,0.158059971
CBCA,0.130908046
CBCO,0.272774203
CBDG,0.639818018
CBDS,0.043860308
CBL,0.698804953
CBU,0.509502629
CCAC,0.214941966
CCBC,0.122095968
CCFN,0.08146112
CCJ,0.46008062
CCOB,0.536954783
CCOM,0.165298205
CCON,0.82861327
CCPR,0.40897417
CCSB,0.448949709
CCT,0.956122381
CCTC,0.888509807
CCYC,0.989836497
CDEX,0.975941134
CDXI,0.675331779
CEQP,0.220262551
CERX,0.118078447
CESX,0.706882992
CEVE,0.015420032
CEXE,0.979605182
CFIC,0.638217973
CFNB,0.946845296
CFOK,0.587801708
CFR,0.335541971
CGAC,0.295587038
CGFI,0.084451024
CGHC,0.170365708
CGLD,0.62157159
CHAA,0.907019804
CHAG,0.191341983
CHBH,0.938651898
CHFN,0.224259288
CHIT,0.659780848
CHLD,0.480561046
CHMI,0.55252142
CHMP,0.385307829
CHPMU,0.349472637
CHRA,0.05271831
CHS,0.79439225
CHUBA,0.394526018
CIG,0.096959801
CIM,0.290565081
CINR,0.655166515
CITZ,0.549569135
CKX,0.63182691
CLCS,0.99196579
CLDS,0.723147315
CLI,0.57705636
CLIS,0.279449644
CLNO,0.978807945
CLOK,0.346483545
CLOQ,0.227801364
CLRI,0.014160761
CLSH,0.702206958
CLTH,0.012262083
CMND,0.249464088
CMO,0.78673288
CMTV,0.403948174
CNAF,0.94500607
CNBW,0.725272214
CNBZ,0.360824387
CNCG,0.290611107
CNCN,0.393627616
CNGT,0.185243652
CNHC,0.008892247
CNIG,0.678841195
CNNA,0.485767638
CNND,0.95850404
CNO,0.633326022
CNREX,0.800603886
CNTO,0.371007763
CNXT,0.976448102
COBZ,0.511867693
COCBF,0.296091236
COFI,0.446088281
COHN,0.080731509
COI,0.642305041
COIL,0.082711225
COLD,0.296417379
COWP,0.492950308
COYR,0.738637461
CPAAU,0.378487237
CPAI,0.774352692
CPF,0.847827941
CPK,0.464990669
CPLA,0.211350148
CPQQ,0.795169614
CPSN,0.636571312
CPYT,0.450817732
CQCQ,0.879191199
CQH,0.457211086
CRBL,0.680561576
CRBN,0.725180934
CRCW,0.662842222
CRGS,0.902508762
CRMZ,0.297646495
CRPT,0.258827894
CRTN,0.43574115
CRVP,0.656922799
CRWG,0.948704973
CRXM,0.352515495
CSA,0.078294334
CSB,0.215623013
CSBB,0.178959094
CSBK,0.474096018
CSDT,0.426821446
CSSV,0.889435587
CTBG,0.511185677
CTGO,0.008375447
CTP,0.601427149
CTTC,0.063816501
CTUY,0.678615364
CUDA,0.916527241
CURO,0.151355403
CURR,0.649043492
CVAS,0.488391919
CVG,0.325947025
CVI,0.099883991
CVM,0.431798054
CVON,0.446872742
CVRR,0.819511173
CWAY,0.143364354
CWI,0.203041563
CWRK,0.446009894
CXM,0.497526287
CYBA,0.825211947
CYDY,0.796170821
CYIO,0.714211728
CYNK,0.540983737
CYRP,0.901799467
CYS,0.771781406
CYTO,0.065262641
CYTR,0.403096884
CZBS,0.159667861
CZBT,0.871834646
DANE,0.557422655
DBA,0.989890547
DBB,0.258197739
DBC,0.434448114
DBE,0.529743308
DBO,0.473944473
DBP,0.354626769
DBS,0.219888927
DBV,0.910059872
DCAC,0.893040184
DCP,0.824425234
DDDX,0.676200119
DDG,0.144876903
DECN,0.476150213
DEL,0.615438337
DENR,0.93534975
DEWM,0.025288608
DEWY,0.824878158
DEXO,0.195853938
DFG,0.104439011
DFPHU,0.263388647
DFR,0.70140171
DGL,0.959061145
DGLT,0.135925509
DGT,0.771515377
DH,0.990256989
DHCC,0.691773115
DIAL,0.426616222
DIET,0.729993773
DIGI,0.880324815
DIMC,0.604437827
DKAM,0.23201128
DKGH,0.12803771
DKMR,0.92623025
DLA,0.331102552
DLNO,0.151682769
DMAN,0.465884942
DMDD,0.685935379
DOCN,0.244570658
DOLE,0.954782997
DOTAU,0.717240305
DRD,0.10178929
DRIV,0.816819126
DRNK,0.521835518
DROP,0.89915857
DRWN,0.157169025
DSGT,0.280737682
DSOL,0.907008969
DST,0.015661688
DTG,0.88200893
DTH,0.365415415
DTHR,0.619778914
DTRC,0.051060321
DUSA,0.667937938
DV,0.983677703
DVCR,0.080240394
DWCH,0.990795423
DX,0.271646717
DXR,0.232101609
EACO,0.596290315
EACQU,0.971542404
EARN,0.893790064
EAUI,0.668927747
EAWD,0.996916935
EBML,0.951331462
ECAU,0.609859244
ECCE,0.433653388
ECEZ,0.526863281
ECO,0.563207735
ECOM,0.764907089
ECPN,0.659486709
EDGW,0.456410732
EDR,0.489643541
EEM,0.946906524
EEP,0.474143882
EEQ,0.375369157
EESI,0.75188233
EFBI,0.50603238
EFC,0.361609328
EFCT,0.729317206
EFIR,0.672832308
EFSH,0.53408509
EFSI,0.823986647
EGBB,0.718774487
EGC,0.214649218
EGL,0.598283808
EGN,0.345074146
EHOS,0.474604599
EIG,0.810160635
EIHC,0.331314905
EIHI,0.328717474
EKCS,0.513461314
ELC,0.800906252
ELECU,0.217200528
ELON,0.185815588
ELTP,0.583703493
EMBR,0.408858251
EMMS,0.495945612
EMPO,0.726744612
EMYB,0.980678388
ENBP,0.822172452
ENER,0.453921504
ENGT,0.591015222
ENGY,0.786838521
ENLK,0.484479117
ENN,0.864528261
ENTK,0.621758477
ENTL,0.303564864
ENTR,0.436691787
ENVS,0.057953509
ENZB,0.440236744
ENZN,0.192451724
EPAZ,0.409615192
EPC,0.472729462
EPHC,0.9012678
EPIC,0.675610864
EPS,0.730095166
EQFN,0.103322278
EQTE,0.807545691
EQUI,0.23144876
ERGO,0.380625552
ERHE,0.248116293
ERMS,0.767766144
ESBS,0.181865304
ESCR,0.353407881
ESGI,0.709370941
ESIO,0.553502033
ESND,0.400012217
ESOA,0.544605015
ESSE,0.969222619
ESWW,0.835272776
ETCC,0.424094182
ETEK,0.553070796
ETP,0.039250789
EUSP,0.431855839
EVBN,0.106232517
EVG,0.17426244
EVHC,0.410466376
EVIO,0.529014554
EVOA,0.270450318
EVTI,0.663480852
EVUS,0.816125686
EWD,0.35332151
EWT,0.307630419
EXAC,0.966370546
EXCC,0.482254006
EXDI,0.09753829
EXEO,0.6400158
EXLA,0.25524285
EXNT,0.126153716
EXPL,0.03529174
EXTN,0.592314247
EZEN,0.511509297
FAGI,0.32112374
FBC,0.803342822
FBCD,0.734490798
FBEC,0.956734409
FBK,0.362094114
FBSI,0.051044124
FCAL,0.471530014
FCB,0.91732106
FCF,0.203909618
FCGD,0.285870506
FCIC,0.096595706
FCRM,0.841611089
FDBL,0.770480624
FDP,0.508529114
FENX,0.682979945
FERN,0.397969063
FFC,0.797243559
FFDF,0.334664202
FFKT,0.023282061
FFNM,0.362714463
FHLB,0.623221028
FIFG,0.062187031
FIL,0.369850794
FIRE,0.311672414
FIZN,0.162533856
FKYS,0.724723099
FLST,0.096900216
FLTB,0.371321108
FLXT,0.547609292
FMAR,0.241957685
FMBM,0.993097993
FMCB,0.407523097
FMFG,0.058338863
FNB,0.439480201
FNBG,0.051863843
FNCX,0.34468783
FNEC,0.465657187
FNHM,0.331835594
FNRN,0.277561149
FNTE,0.370156446
FOGO,0.923979816
FONU,0.078126531
FOTB,0.429069702
FPAC,0.666941387
FPCG,0.407788206
FPF,0.254951165
FPI,0.173127133
FPL,0.555882201
FPMI,0.803013837
FQFC,0.736551837
FRCN,0.697306736
FRDM,0.250099063
FRMA,0.037500568
FRMC,0.267986635
FRSI,0.981254938
FSI,0.399775985
FSPM,0.589509037
FSRL,0.953634872
FST,0.737941089
FTLF,0.086901333
FUTL,0.027345247
FVAL,0.891646575
FWDG,0.253427527
GACR,0.916642129
GAM,0.038501244
GAMR,0.43507526
GARB,0.641697027
GASE,0.116329089
GAWK,0.10867354
GBBT,0.780592412
GBCS,0.513691615
GBEN,0.191282388
GBGD,0.113595424
GBHL,0.253233963
GBIM,0.492294157
GBNK,0.264700882
GCAN,0.41619541
GCC,0.306667321
GCFB,0.961686932
GCH,0.299529306
GCLL,0.576744396
GCOM,0.472780572
GDSI,0.756513013
GEGI,0.33993881
GEGP,0.742456344
GENI,0.043013255
GEOY,0.339528087
GEPC,0.345417606
GERS,0.738822511
GETH,0.501244335
GFMH,0.43054507
GFOO,0.221281162
GFRP,0.210543159
GGC,0.432314935
GGI,0.601168905
GGROU,0.546858839
GGSM,0.025291479
GGT,0.92565625
GHML,0.208677619
GHMP,0.516455085
GILAX,0.292830154
GJST,0.94872491
GK,0.37535272
GLAE,0.993678649
GLBD,0.568703402
GLBR,0.474702347
GLCH,0.357706759
GLD,0.248928131
GLDG,0.940542415
GLDW,0.088016822
GLEC,0.049565833
GLEO,0.346353393
GLF,0.665383292
GLHV,0.290274619
GLN,0.271219572
GLRI,0.103417621
GLRP,0.097851659
GLTR,0.525050159
GLUX,0.926917829
GLXZ,0.846952452
GMC,0.533440845
GMET,0.56341767
GMS,0.383686877
GNBC,0.449184564
GNCMA,0.774784174
GNK,0.128068773
GNOM,0.403674007
GNOW,0.786314731
GNRSU,0.843150892
GNRT,0.48266788
GNRV,0.630159364
GNZR,0.875607247
GOEX,0.096410706
GOL,0.738442104
GOLD,0.462558601
GORO,0.364168951
GPDB,0.53489324
GPIW,0.187653475
GPLB,0.513306723
GPLS,0.605021905
GPMT,0.747896376
GPT,0.183134005
GPXM,0.43974234
GREI,0.047383062
GRMC,0.965372054
GRST,0.34569602
GRVE,0.348287188
GRWC,0.181991133
GRYN,0.499784217
GSAH,0.805951337
GSG,0.979324822
GSP,0.572349761
GSPE,0.621971029
GSPN,0.701135319
GSPT,0.000825404
GSS,0.38682027
GSV,0.161365944
GTAT,0.465430994
GTHP,0.85202422
GTHR,0.130527745
GTOR,0.856648564
GURU,0.752241719
GWB,0.716492633
GWHP,0.128462372
GWPC,0.522867914
GYTI,0.259867182
HABK,0.438151507
HADV,0.412023958
HALN,0.745195827
HART,0.505336844
HARXX,0.821359463
HASI,0.580154097
HAUP,0.772446813
HAWK,0.341517432
HBB,0.42664867
HBIA,0.762803684
HBSI,0.502090974
HCGI,0.511568543
HE,0.616301672
HENC,0.035395543
HENI,0.020990156
HERO,0.01309019
HHDG,0.299794746
HHSE,0.483324573
HIBE,0.914766547
HITK,0.917013393
HKBT,0.591081657
HLLY,0.150147218
HLXW,0.076391447
HLYK,0.494197664
HMC,0.057621207
HMGN,0.341991068
HMLA,0.787171421
HMNC,0.116305774
HPIL,0.133344158
HPMM,0.526253002
HPP,0.456556981
HRBR,0.593194958
HRST,0.666829872
HSBI,0.421746572
HSBK,0.238617837
HTA,0.296830209
HUTN,0.089832743
HVCW,0.451286328
HWIS,0.978670228
HY,0.214435034
HYAC,0.420366869
HYACU,0.053029679
HYDI,0.367989755
HYLN,0.857998342
HYSR,0.505159413
HZNM,0.518598373
IAGX,0.567578911
IAU,0.423079154
IBIO,0.473148429
ICCT,0.733793009
ICLD,0.532794891
ID,0.280283311
IDEA,0.800345846
IDIV,0.376691437
IDLM,0.094564732
IFAM,0.239570115
IFAN,0.753440325
IFLM,0.603888278
IFNY,0.618147676
IFS,0.965044892
IG,0.820130222
IGC,0.03623146
IGOI,0.055898817
IHRC,0.836867959
IHS,0.70961354
IHSI,0.019412672
ILG,0.591921121
ILST,0.548155506
IMCB,0.687901627
IMGL,0.355795455
IMKI,0.870287914
IMTO,0.701522329
IMTV,0.357145545
INBI,0.751009689
INDUU,0.717148124
INFA,0.971658743
INFR,0.67908466
INHC,0.657439754
INIS,0.035845384
INLX,0.695722962
INN,0.051796741
INNI,0.308090549
INST,0.874667242
INTV,0.301322815
INTX,0.031513469
INVI,0.577526725
INVT,0.513446521
INVU,0.473511905
IOR,0.828334273
IPAS,0.88564903
IPRC,0.01872764
IPUB,0.47746225
IRIG,0.489782498
IRNS,0.533373314
IRT,0.706658699
IS,0.540438456
ISBA,0.092660198
ISLV,0.198383482
ISRB,0.757917981
ITEX,0.419401746
ITNF,0.576602132
ITNM,0.58715754
ITOX,0.125211829
ITPC,0.115610768
ITUP,0.868564774
IVR,0.431786215
IWBB,0.769313773
JADG,0.212997232
JALA,0.693465618
JAMN,0.792397777
JAREX,0.272357184
JAX,0.46906038
JBTC,0.000727977
JFBC,0.554547872
JKSM,0.814248153
JMI,0.404749233
JNP,0.002984548
JOB,0.992002094
JPEX,0.36261401
JTBK,0.051499393
JTPY,0.625583067
JUHL,0.246412666
JUNO,0.226600544
JUVF,0.56755343
JXSB,0.452982217
JZHG,0.525525731
KBLB,0.824570703
KBPH,0.877802447
KCAC,0.904861383
KCLI,0.458986056
KERX,0.204601
KEYW,0.664566798
KGET,0.56773325
KIRY,0.168042269
KIWB,0.893140252
KLD,0.762836445
KLIB,0.995643626
KMWE,0.247184507
KNBA,0.998234167
KNWN,0.175115677
KORE,0.281237436
KRC,0.862795483
KREF,0.306855131
KRG,0.667118858
KS,0.233146467
KSI,0.220740027
KSW,0.028729727
KSWS,0.703678237
KVMD,0.217994226
KYAK,0.910719831
KYCN,0.909644865
KYTH,0.317627922
LADR,0.685665344
LBAO,0.08738514
LBAS,0.939372809
LBSI,0.896076347
LBTD,0.071270376
LBYE,0.387923873
LCA,0.304966881
LCAR,0.200919817
LCDX,0.499566142
LEAI,0.564694088
LEAP,0.915438793
LEGX,0.750866216
LFACU,0.111697825
LFER,0.928876874
LGV,0.130615254
LHC,0.37989564
LHO,0.954131335
LIME,0.233556196
LIVC,0.992303508
LKAI,0.209950954
LKST,0.224378255
LNDT,0.548556134
LNGG,0.491046251
LODE,0.95304982
LOGL,0.550593797
LPNT,0.236268377
LPTC,0.442163813
LQ,0.078179988
LRGR,0.577245911
LSCG,0.723235945
LTFD,0.560608702
LTMP,0.830374839
LTNC,0.39038798
LTTC,0.988540248
LUB,0.284177223
LUSI,0.337990237
LVPA,0.538791735
LWEL,0.269045948
LYFE,0.852603155
LYNS,0.189959363
MACE,0.680399396
MADI,0.931841555
MAG,0.97661628
MAIN,0.126770927
MANY,0.536545803
MAPP,0.848441801
MAQC,0.761420359
MARZ,0.883510176
MAST,0.926325943
MBCC,0.370789276
MBCF,0.132563306
MBCI,0.875768612
MBI,0.822676672
MBIT,0.864849705
MBND,0.0715792
MBOF,0.737771696
MCAP,0.087108816
MCB,0.327562338
MCBI,0.34758631
MCBK,0.721574487
MCEM,0.235856774
MCET,0.990142154
MCS,0.2677313
MCTH,0.847090294
MCW,0.157204407
MCX,0.039988509
MDAV,0.823275125
MDCN,0.113960091
MDFC,0.478335789
MDH,0.331905106
MDNL,0.954757659
MDRM,0.226283185
MDTC,0.389019513
MEDD,0.073335756
MEDH,0.758722586
MEG,0.577184407
MEGI,0.570072183
MEIL,0.056598811
MENB,0.333757249
MERR,0.135327461
META,0.92161673
MFA,0.624824106
MFBP,0.91806108
MGC,0.333549012
MGOM,0.1582324
MGTI,0.251096847
MGUY,0.814451301
MGY,0.520581497
MHTX,0.89782772
MHYR,0.154462842
MIG,0.259222363
MINE,0.06996222
MIR,0.59464577
MITD,0.041316153
MITT,0.122202896
MJWL,0.394722894
MLCG,0.971695953
MLFB,0.961017572
MLHC,0.177678882
MLNK,0.241174557
MLPH,0.342691367
MLR,0.732448444
MMAM,0.048715772
MMMW,0.64632564
MMTC,0.126546851
MMTRS,0.021458863
MNMT,0.671069934
MNR,0.39847754
MNRL,0.768194089
MNTR,0.20105637
MOBO,0.988488447
MOG,0.569554532
MOLX,0.31820089
MOST,0.289876397
MOTI,0.176159937
MPAC,0.038191306
MPI,0.5601001
MPR,0.901797429
MPW,0.562302972
MRMD,0.262273679
MRPI,0.523830685
MRX,0.743487362
MSB,0.267024181
MSFG,0.328604592
MSII,0.373287246
MSPC,0.88428825
MSPD,0.759581255
MSSD,0.612890572
MTGE,0.631598834
MTH,0.653849961
MTM,0.676314591
MTVX,0.618013455
MULE,0.338037865
MULT,0.727313083
MVEN,0.482581176
MVNT,0.795896349
MVP,0.473962923
MWBC,0.774153951
MWG,0.509081827
MWWC,0.643834307
MYDX,0.337091674
MYRX,0.263165488
NAL,0.442851541
NAME,0.579085898
NAPA,0.836044251
NAPR,0.560310507
NASB,0.167077859
NBC,0.887595737
NBCT,0.751604958
NBHC,0.371374648
NBRI,0.192887185
NDDG,0.862378229
NEC,0.147680226
NECA,0.32251681
NEMD,0.177969168
NEOM,0.16419859
NEOP,0.497419531
NETL,0.000491442
NETR,0.43037685
NEWG,0.548141329
NEWS,0.712627873
NFDS,0.675231196
NFP,0.032998188
NFSE,0.072049971
NGHT,0.716989777
NGLD,0.639946475
NGLE,0.533741104
NGMC,0.965387406
NGRC,0.064525042
NGRP,0.793929717
NGTF,0.961031862
NHP,0.125675825
NICO,0.482538622
NIOBF,0.619904629
NJMC,0.139292761
NLC,0.597842145
NLP,0.093355344
NLY,0.332959675
NMS,0.692798405
NNI,0.979739078
NNRX,0.411656583
NNUP,0.935979217
NNVC,0.655679472
NOBH,0.588551505
NODC,0.06971334
NOHO,0.025766694
NOK,0.132834856
NOOF,0.407838749
NORX,0.762827253
NOVZ,0.149916414
NPC,0.139030635
NPWZ,0.354921913
NRCI,0.073580305
NRCIB,0.05697854
NREF,0.488241144
NRGX,0.248638766
NRIS,0.951522158
NRLB,0.912690406
NSBC,0.689798883
NSFC,0.782871556
NSM,0.065445662
NSPX,0.803410252
NSR,0.069205911
NSRS,0.48767337
NST,0.367262426
NTFL,0.076570242
NTLK,0.970164314
NTSC,0.487255848
NTSP,0.475792226
NTWN,0.735928111
NTY,0.317905733
NUBL,0.064092972
NUGN,0.011759763
NUKK,0.458418588
NUUU,0.900990752
NVCP,0.382283624
NVE,0.236105736
NVL,0.544366806
NWCI,0.902827579
NWMH,0.146541994
NWN,0.54086599
NWP,0.957478857
NWPG,0.946785944
NXCR,0.816925476
NXRT,0.559595562
NXTH,0.825101647
NYCB,0.83613046
NYRT,0.25512459
NYX,0.589131331
NYXO,0.858644665
OABC,0.26758507
OBTX,0.806121651
OCEL,0.65680748
OCLG,0.228239516
OCM,0.218003881
ODMO,0.798895584
ODZA,0.914763794
OEC,0.564007913
OFC,0.197457667
OFG,0.286249106
OGNG,0.336326086
OLCB,0.067549821
OLI,0.481594808
OLMM,0.032247575
OLP,0.708848018
OMAD,0.257556051
OMF,0.732025313
OMH,0.72611094
OMPI,0.487079249
OMTK,0.653601357
OMVE,0.555643898
OMVS,0.804515491
OMX,0.896750757
ONBI,0.638160803
ONE,0.663158081
ONL,0.482710062
ONLI,0.752211596
ONMD,0.082862871
ONSM,0.795742725
ONXX,0.435251445
OPHI,0.481630035
OPMG,0.790924347
OPMZ,0.708238149
OPST,0.728884754
OPTI,0.214395877
ORAN,0.340139017
ORBT,0.212499064
ORC,0.091009442
ORCC,0.635490093
OREO,0.076095324
ORFN,0.509263923
ORFR,0.820324638
ORN,0.03915935
ORNC,0.284900787
ORT,0.698682951
OS,0.753992552
OSI,0.949799705
OTEC,0.226211548
OTT,0.210715455
OTTV,0.823443038
OTTW,0.096654164
OUNZ,0.381256807
OVER,0.93054288
OVIT,0.167690634
OXDG,0.52328837
OXYS,0.354365997
PACR,0.850767982
PALL,0.629957032
PARD,0.010052866
PATH,0.270608012
PAY,0.318897672
PB,0.781276591
PBG,0.138892171
PBNC,0.79601495
PBSK,0.603569134
PCBC,0.224478315
PCBK,0.156545934
PCC,0.947386384
PCE,0.599474126
PCNT,0.848690454
PCSV,0.571930301
PCU,0.596452523
PCV,0.43977012
PCX,0.649610358
PDC,0.461829295
PDM,0.436239911
PDNLA,0.380105415
PDNLB,0.0749089
PDO,0.938125914
PDOS,0.35700686
PEBC,0.49883931
PED,0.808869479
PEDH,0.808828043
PEET,0.136728886
PF,0.494371301
PFB,0.500899641
PFBX,0.041050107
PFLC,0.514746611
PFND,0.296869398
PFSF,0.769765564
PGAI,0.033225239
PGE,0.457812291
PGEM,0.492923448
PGI,0.162010558
PGLO,0.002882774
PGOL,0.714025741
PGSC,0.852107488
PGTK,0.973671439
PHGE,0.351828414
PHH,0.435064588
PHLI,0.579043378
PHRX,0.403478959
PIEX,0.938477232
PINE,0.925847945
PKKW,0.662438543
PKPH,0.08650353
PLFE,0.176777656
PLFF,0.242615226
PLPL,0.62203342
PLRM,0.640745631
PLTM,0.124536587
PMAP,0.785763392
PMET,0.149878303
PMHG,0.723771046
PMOZ,0.670490257
PMPG,0.869465596
PMT,0.523517829
PMTI,0.387924874
PNGM,0.734736336
PNHT,0.476831928
PNK,0.586623247
POLR,0.157622613
POSC,0.005434145
PPBN,0.377643178
PPLT,0.32068919
PPMT,0.454156669
PPRW,0.84318703
PRBM,0.732648633
PRHL,0.494768298
PRK,0.966321311
PRKV,0.649662659
PRL,0.934418787
PROJ,0.585773691
PRSI,0.469995409
PRSNX,0.152940081
PRSS,0.629593851
PRST,0.400355122
PRTT,0.781749343
PRTY,0.646243141
PRVT,0.130841733
PRWT,0.527275019
PRX,0.732755988
PRXG,0.548569241
PRZM,0.79174971
PSBQ,0.308886263
PSC,0.013243917
PSCO,0.277380622
PSCR,0.362285648
PSD,0.453836025
PSE,0.32879961
PSG,0.594032802
PSPW,0.900874009
PSRU,0.514136414
PSS,0.399032269
PSSI,0.755869818
PSSS,0.553399938
PSYS,0.304215419
PTBS,0.629404926
PTCP,0.904614108
PTEL,0.915237915
PTLF,0.281847391
PTOP,0.292417721
PTRC,0.867775411
PTSS,0.299797324
PTV,0.783728265
PULS,0.664056175
PUMD,0.613580964
PURA,0.108998312
PVCT,0.879185327
SLV,0.848074317
USCI,0.588059818
